symbol,start_date,cluster,is_market,panic_max,n_trigger,window_days,has_confirm,confirm_offset,stock_dd20,market_dd20,idio_dd20,conf_thr,post_window,win_alpha_adj_t20,first_alpha_adj_t20,conf_alpha_adj_t20,d_conf_win_alpha_adj_t20,d_first_win_alpha_adj_t20,d_conf_first_alpha_adj_t20,win_alpha_adj_t60,first_alpha_adj_t60,conf_alpha_adj_t60,d_conf_win_alpha_adj_t60,d_first_win_alpha_adj_t60,d_conf_first_alpha_adj_t60,win_alpha_adj_struct,first_alpha_adj_struct,conf_alpha_adj_struct,d_conf_win_alpha_adj_struct,d_first_win_alpha_adj_struct,d_conf_first_alpha_adj_struct,win_alpha_adj_fixed8,first_alpha_adj_fixed8,conf_alpha_adj_fixed8,d_conf_win_alpha_adj_fixed8,d_first_win_alpha_adj_fixed8,d_conf_first_alpha_adj_fixed8,win_mae_pct,first_mae_pct,conf_mae_pct,d_conf_win_mae_pct,d_first_win_mae_pct,d_conf_first_mae_pct
HPG,2020-03-09,MKT-2020-01,True,79.6,7,26,True,21.0,-12.41,-10.95,-0.9,60.0,10,8.99576923076923,-0.22,17.13,8.134230769230768,-9.215769230769231,17.349999999999998,28.51269230769231,22.66,32.33,3.81730769230769,-5.852692307692308,9.669999999999998,15.277307692307694,0.76,32.33,17.052692307692304,-14.517307692307694,31.569999999999997,14.565000000000005,-5.16,32.33,17.764999999999993,-19.725000000000005,37.489999999999995,-10.631923076923076,-25.67,-2.76,7.871923076923077,-15.038076923076925,22.910000000000004
HPG,2022-11-01,MKT-2022-09,True,83.5,2,18,True,13.0,-23.12,-6.39,-15.98,60.0,10,28.52722222222222,21.07,23.25,-5.277222222222221,-7.457222222222221,2.1799999999999997,40.19777777777778,37.34,28.27,-11.92777777777778,-2.857777777777777,-9.070000000000004,23.574444444444445,1.31,28.27,4.695555555555554,-22.264444444444447,26.96,24.115000000000002,-1.69,-4.8,-28.915000000000003,-25.805000000000003,-3.11,-8.95,-21.3,-10.51,-1.5600000000000005,-12.350000000000001,10.790000000000001
HPG,2025-04-04,MKT-2025-04,True,93.9,4,14,True,12.0,-12.61,-9.4,-1.44,60.0,10,-6.277142857142857,-0.38,-12.56,-6.282857142857144,5.897142857142857,-12.18,-1.5171428571428573,-2.89,-4.78,-3.262857142857143,-1.3728571428571428,-1.8900000000000001,-1.5171428571428573,-2.89,-4.78,-3.262857142857143,-1.3728571428571428,-1.8900000000000001,-1.8900000000000001,-2.89,-4.78,-2.89,-1.0,-1.8900000000000001,-5.272857142857142,-9.32,-3.71,1.5628571428571423,-4.047142857142858,5.61
SSI,2020-03-11,MKT-2020-01,True,85.7,6,24,True,17.0,-18.42,-13.52,-0.06,60.0,10,3.014583333333333,15.39,-3.0,-6.0145833333333325,12.375416666666668,-18.39,8.134583333333333,12.26,4.91,-3.2245833333333334,4.125416666666666,-7.35,4.134999999999999,0.63,4.91,0.7750000000000012,-3.504999999999999,4.28,4.787499999999999,12.73,4.91,0.12250000000000139,7.942500000000002,-7.82,-10.425833333333335,-19.61,-6.3,4.125833333333335,-9.184166666666664,13.309999999999999
SSI,2022-04-28,MKT-2022-04,True,78.4,4,17,False,,-25.55,-11.39,-9.37,60.0,10,-9.574117647058825,-5.73,,,3.844117647058825,,-6.2047058823529415,-16.0,,,-9.795294117647058,,-8.028823529411765,-10.83,,,-2.801176470588235,,-6.4288235294117655,-9.43,,,-3.0011764705882342,,-36.75294117647059,-46.1,,,-9.347058823529409,
SSI,2025-04-04,MKT-2025-04,True,86.4,2,13,False,,-12.55,-9.4,-0.78,60.0,10,-8.33,-10.24,,,-1.9100000000000001,,3.738461538461538,-10.22,,,-13.958461538461538,,3.9430769230769234,-7.56,,,-11.503076923076923,,0.7230769230769227,-10.22,,,-10.943076923076923,,-6.3746153846153835,-10.41,,,-4.035384615384617,
FPT,2020-03-23,MKT-2020-01,True,72.7,2,16,True,15.0,-20.73,-26.72,7.17,60.0,10,5.243125,-2.45,3.46,-1.783125,-7.693125,5.91,0.9068749999999999,-9.28,-2.95,-3.856875,-10.186874999999999,6.329999999999999,0.5956250000000001,-9.34,-2.95,-3.5456250000000002,-9.935625,6.39,0.48687499999999995,-9.34,-2.95,-3.436875,-9.826875,6.39,-4.090625,-10.91,-3.55,0.5406250000000004,-6.819375,7.36
FPT,2025-04-04,MKT-2025-04,True,83.8,3,13,True,11.0,-18.88,-9.4,-8.81,60.0,10,-2.0430769230769235,0.84,-4.94,-2.896923076923077,2.8830769230769233,-5.78,-8.143076923076924,-2.96,-8.44,-0.2969230769230755,5.183076923076924,-5.4799999999999995,-7.976923076923078,-2.96,-8.44,-0.4630769230769216,5.016923076923078,-5.4799999999999995,-7.218461538461539,-2.96,-8.44,-1.2215384615384606,4.258461538461539,-5.4799999999999995,-6.78,-7.73,-4.29,2.49,-0.9500000000000002,3.4400000000000004
MWG,2020-03-11,MKT-2020-01,True,98.1,14,26,True,19.0,-20.99,-13.52,-4.8,60.0,10,2.689230769230769,-8.71,1.05,-1.639230769230769,-11.399230769230769,9.760000000000002,-4.841923076923076,-9.57,-6.2,-1.3580769230769238,-4.728076923076924,3.37,-1.458846153846154,-0.66,-6.2,-4.741153846153846,0.7988461538461539,-5.54,-1.8684615384615386,-3.35,-6.2,-4.331538461538462,-1.4815384615384615,-2.85,-12.302307692307693,-30.73,-5.84,6.462307692307693,-18.427692307692308,24.89
MWG,2020-07-27,MKT-2020-06,True,76.2,1,11,False,,-13.1,-10.45,-0.61,60.0,10,10.05,3.06,,,-6.99,,24.39454545454545,19.32,,,-5.074545454545451,,24.39454545454545,19.32,,,-5.074545454545451,,24.39454545454545,19.32,,,-5.074545454545451,,-1.517272727272727,-5.34,,,-3.8227272727272728,
MWG,2022-11-04,MKT-2022-09,True,74.2,3,19,True,17.0,-23.12,-6.25,-15.37,60.0,10,1.5221052631578946,-9.52,1.42,-0.1021052631578947,-11.042105263157895,10.94,-8.253157894736841,-10.19,-7.6,0.6531578947368413,-1.9368421052631586,2.59,-6.61421052631579,0.32,-7.6,-0.9857894736842097,6.93421052631579,-7.92,-5.617894736842105,-2.61,-6.37,-0.7521052631578948,3.0078947368421054,-3.7600000000000002,-11.457368421052632,-23.38,-9.98,1.4773684210526312,-11.922631578947367,13.399999999999999
MWG,2025-04-04,MKT-2025-04,True,85.8,4,14,True,11.0,-16.2,-9.4,-5.07,60.0,10,6.309999999999998,13.25,-0.95,-7.259999999999998,6.940000000000002,-14.2,1.3342857142857143,13.17,-6.16,-7.494285714285715,11.835714285714285,-19.33,1.3342857142857143,13.17,-6.16,-7.494285714285715,11.835714285714285,-19.33,0.7499999999999997,13.17,-6.16,-6.91,12.42,-19.33,-4.288571428571428,-7.01,-0.51,3.7785714285714285,-2.7214285714285715,6.5
TCB,2020-03-11,MKT-2020-01,True,80.0,7,20,True,19.0,-18.89,-13.52,-0.53,60.0,10,-6.2785,-3.45,6.08,12.3585,2.8285,9.530000000000001,-2.7710000000000004,-1.49,1.18,3.9510000000000005,1.2810000000000004,2.67,0.16349999999999998,0.11,1.18,1.0165,-0.05349999999999998,1.0699999999999998,0.65,9.49,1.18,0.5299999999999999,8.84,-8.31,-12.303,-22.21,-4.93,7.373000000000001,-9.907,17.28
TCB,2022-10-07,MKT-2022-09,True,96.6,4,14,False,,-27.32,-17.1,-7.58,60.0,10,1.9007142857142856,-2.92,,,-4.820714285714286,,11.868571428571428,3.62,,,-8.248571428571427,,-1.0464285714285722,-8.75,,,-7.703571428571427,,-4.529999999999999,-9.71,,,-5.1800000000000015,,-20.30142857142857,-25.21,,,-4.908571428571431,
TCB,2025-04-08,MKT-2025-04,True,85.8,2,12,False,,-14.48,-15.23,2.39,60.0,10,7.4333333333333345,10.18,,,2.7466666666666653,,14.332499999999998,24.37,,,10.037500000000003,,14.332499999999998,24.37,,,10.037500000000003,,6.6275,24.37,,,17.7425,,-6.2525,0.0,,,6.2525,
TCB,2026-03-09,MKT-2026-03,True,81.1,1,11,False,,-19.75,-12.1,-6.63,60.0,10,-0.8863636363636362,-7.68,,,-6.793636363636363,,-1.9245454545454548,-6.28,,,-4.3554545454545455,,-4.248181818181819,-7.37,,,-3.121818181818181,,-1.9245454545454548,-6.28,,,-4.3554545454545455,,-5.782727272727274,-7.95,,,-2.167272727272726,
VHM,2020-03-12,MKT-2020-01,True,89.7,13,25,True,17.0,-17.79,-18.0,-0.59,60.0,10,-2.548,-3.46,-1.06,1.488,-0.9119999999999999,2.4,2.4456,-5.66,4.54,2.0944,-8.1056,10.2,0.8980000000000001,-1.47,4.54,3.642,-2.3680000000000003,6.01,1.0116,-1.47,4.54,3.5284,-2.4816000000000003,6.01,-10.950400000000002,-22.38,-1.84,9.110400000000002,-11.429599999999997,20.54
VHM,2023-10-27,MKT-2023-09,True,80.3,1,11,True,8.0,-18.35,-8.19,-7.42,60.0,10,-3.5418181818181824,-2.28,-5.11,-1.568181818181818,1.2618181818181826,-2.8300000000000005,-8.546363636363635,-7.06,-7.21,1.336363636363635,1.4863636363636354,-0.15000000000000036,-8.193636363636362,-3.18,-7.21,0.9836363636363616,5.013636363636362,-4.029999999999999,-7.486363636363635,-7.06,-5.68,1.8063636363636357,0.42636363636363583,1.38,-6.65,-5.75,-8.54,-1.8899999999999988,0.9000000000000004,-2.789999999999999
PVD,2020-02-03,MKT-2020-01,True,79.6,1,11,False,,-21.16,-6.39,-13.29,60.0,10,-2.2118181818181815,0.36,,,2.5718181818181813,,-6.523636363636363,-6.75,,,-0.22636363636363743,,-2.171818181818182,0.77,,,2.941818181818182,,-2.7563636363636363,-1.73,,,1.0263636363636364,,-48.775454545454544,-47.16,,,1.615454545454547,
PVD,2020-03-10,MKT-2020-01,True,83.1,5,20,False,,-20.3,-10.74,-6.89,60.0,10,4.173500000000001,-1.48,,,-5.653500000000001,,3.7764999999999995,-0.24,,,-4.0165,,-0.5354999999999996,-9.6,,,-9.0645,,0.6999999999999997,-9.6,,,-10.299999999999999,,-16.3065,-39.55,,,-23.243499999999997,
PVD,2022-11-16,MKT-2022-09,True,74.0,1,11,True,8.0,-36.6,-10.92,-20.88,60.0,10,20.242727272727272,14.64,26.12,5.877272727272729,-5.602727272727272,11.48,44.882727272727266,46.03,49.47,4.587272727272733,1.1472727272727354,3.4399999999999977,44.882727272727266,46.03,49.47,4.587272727272733,1.1472727272727354,3.4399999999999977,40.48727272727273,46.03,49.47,8.982727272727267,5.542727272727269,3.4399999999999977,-5.384545454545454,-7.03,-2.15,3.234545454545454,-1.6454545454545464,4.880000000000001
PVD,2025-04-04,MKT-2025-04,True,84.9,5,22,True,17.0,-19.53,-9.4,-9.39,60.0,10,-4.180454545454546,-6.47,-1.31,2.8704545454545456,-2.289545454545454,5.16,-7.346363636363637,-7.08,-2.12,5.2263636363636365,0.2663636363636366,4.96,-7.407272727272727,-8.42,-2.12,5.287272727272727,-1.0127272727272727,6.3,-6.783636363636364,-7.08,-2.12,4.663636363636364,-0.29636363636363594,4.96,-5.6000000000000005,-7.24,-0.29,5.3100000000000005,-1.6399999999999997,6.95
PVD,2026-03-23,MKT-2026-03,True,74.6,2,12,False,,-23.78,-15.38,-11.93,60.0,10,-17.2825,-15.21,,,2.072499999999998,,-15.431666666666665,-18.96,,,-3.528333333333336,,-16.702499999999997,-21.08,,,-4.377500000000001,,-11.498333333333333,-13.23,,,-1.7316666666666674,,-16.412499999999998,-16.13,,,0.28249999999999886,
DGC,2020-07-29,MKT-2020-06,True,71.0,1,11,False,,-14.14,-9.81,-5.91,60.0,10,19.024545454545457,21.83,,,2.805454545454541,,19.12090909090909,22.04,,,2.919090909090908,,19.12090909090909,22.04,,,2.919090909090908,,19.12090909090909,22.04,,,2.919090909090908,,-2.299090909090909,-4.3,,,-2.000909090909091,
DGC,2022-11-16,MKT-2022-09,True,85.0,2,13,True,9.0,-27.97,-10.92,-12.28,60.0,10,8.627692307692307,-0.82,8.15,-0.47769230769230653,-9.447692307692307,8.97,-10.956153846153846,-22.88,-9.13,1.8261538461538454,-11.923846153846153,13.749999999999998,-9.573076923076924,-13.17,-9.77,-0.19692307692307587,-3.5969230769230762,3.4000000000000004,-7.011538461538462,-9.17,-10.24,-3.228461538461538,-2.1584615384615375,-1.0700000000000003,-10.779230769230768,-19.16,-13.4,-2.6207692307692323,-8.380769230769232,5.76
DGC,2025-04-03,MKT-2025-04,True,97.2,6,16,True,10.0,-18.71,-7.96,-10.42,60.0,10,-4.6225000000000005,-0.29,-8.6,-3.977499999999999,4.3325000000000005,-8.31,-4.721875,2.49,-9.09,-4.368125,7.211875,-11.58,-5.3306249999999995,-7.25,-9.09,-3.7593750000000004,-1.9193750000000005,-1.8399999999999999,-5.1725,-7.25,-9.09,-3.9174999999999995,-2.0774999999999997,-1.8399999999999999,-5.86625,-13.09,-8.02,-2.1537499999999996,-7.22375,5.07
DGC,2025-12-16,IDIO-2025Q4,False,91.2,3,16,False,,-11.0,-4.25,-8.04,60.0,10,-0.4137500000000003,-22.67,,,-22.25625,,-16.730625000000003,-26.7,,,-9.969374999999996,,-7.5874999999999995,-14.42,,,-6.8325000000000005,,-7.82625,-14.42,,,-6.59375,,-25.153125000000003,-28.05,,,-2.896874999999998,
DGC,2026-03-20,MKT-2026-03,True,83.1,1,11,False,,-31.4,-12.37,-23.12,60.0,10,-7.226363636363637,-10.73,,,-3.503636363636363,,-15.898181818181818,-20.21,,,-4.311818181818182,,-14.061818181818182,-7.6,,,6.461818181818183,,-12.710909090909091,-9.33,,,3.380909090909091,,-15.069999999999999,-17.4,,,-2.33,
DGC,2026-07-23,MKT-2026-07,True,70.0,1,11,True,10.0,-22.22,-9.22,-14.54,60.0,10,10.751818181818182,11.19,-1.43,-12.181818181818182,0.43818181818181756,-12.62,,,,,,,4.930000000000001,7.34,-9.41,-14.34,2.4099999999999993,-16.75,5.207272727272727,7.34,-6.36,-11.567272727272726,2.132727272727273,-13.7,-1.8036363636363637,-3.88,-11.12,-9.316363636363636,-2.076363636363636,-7.239999999999999
VND,2020-03-24,MKT-2020-01,True,73.1,4,19,True,10.0,-20.22,-26.63,-0.46,60.0,10,-5.46578947368421,-14.76,0.52,5.9857894736842105,-9.29421052631579,15.28,5.673684210526315,-7.58,10.18,4.5063157894736845,-13.253684210526316,17.759999999999998,2.7315789473684213,-9.73,10.18,7.448421052631579,-12.461578947368421,19.91,-1.7189473684210526,-19.74,10.18,11.898947368421052,-18.021052631578947,29.919999999999998,-7.502631578947369,-9.22,-5.29,2.212631578947369,-1.7173684210526314,3.9300000000000006
VND,2020-07-27,MKT-2020-06,True,76.8,1,11,False,,-13.73,-10.45,-4.69,60.0,10,-0.2545454545454546,-2.73,,,-2.4754545454545456,,23.486363636363635,26.38,,,2.8936363636363645,,23.486363636363635,26.38,,,2.8936363636363645,,23.486363636363635,26.38,,,2.8936363636363645,,-1.592727272727273,-2.29,,,-0.697272727272727,
VND,2021-01-28,MKT-2021-01,True,75.8,2,13,True,9.0,-28.73,-14.26,-11.02,60.0,10,6.773076923076923,9.23,1.78,-4.993076923076923,2.4569230769230774,-7.45,52.139230769230764,67.0,47.1,-5.0392307692307625,14.860769230769236,-19.9,52.139230769230764,67.0,47.1,-5.0392307692307625,14.860769230769236,-19.9,52.139230769230764,67.0,47.1,-5.0392307692307625,14.860769230769236,-19.9,-3.2969230769230773,0.0,-4.36,-1.063076923076923,3.2969230769230773,-4.36
VND,2022-05-13,MKT-2022-04,True,72.3,2,12,False,,-36.47,-19.66,-8.11,60.0,10,-19.837500000000002,-3.1,,,16.7375,,-9.061666666666666,-7.54,,,1.5216666666666656,,-9.7375,-9.74,,,-0.0024999999999995026,,-8.343333333333332,-9.74,,,-1.3966666666666683,,-37.714166666666664,-34.09,,,3.6241666666666603,
VND,2022-06-15,MKT-2022-04,True,85.0,5,15,False,,-23.56,-7.19,-13.25,60.0,10,8.224,2.02,,,-6.204000000000001,,4.844,-1.87,,,-6.714,,2.2666666666666666,-7.05,,,-9.316666666666666,,0.674,-7.05,,,-7.724,,-8.740666666666668,-25.55,,,-16.809333333333335,
VND,2022-10-25,MKT-2022-09,True,85.0,1,11,False,,-35.72,-12.76,-17.35,60.0,10,11.506363636363636,-0.75,,,-12.256363636363636,,25.12636363636364,29.06,,,3.93363636363636,,-7.703636363636364,-9.15,,,-1.4463636363636363,,0.13272727272727278,-4.33,,,-4.462727272727273,,-19.03090909090909,-21.34,,,-2.3090909090909086,
HSG,2020-03-12,MKT-2020-01,True,73.7,1,11,False,,-26.82,-18.0,-4.2,60.0,10,9.044545454545455,-6.19,,,-15.234545454545454,,86.64454545454545,75.35,,,-11.294545454545457,,-0.3781818181818182,6.79,,,7.168181818181818,,-2.174545454545455,5.05,,,7.224545454545455,,-22.208181818181817,-23.71,,,-1.5018181818181837,
HSG,2022-05-04,MKT-2022-04,True,80.5,3,13,False,,-26.72,-11.54,-12.45,60.0,10,-13.24076923076923,-11.15,,,2.0907692307692294,,-10.764615384615384,-21.5,,,-10.735384615384616,,-5.140769230769231,3.36,,,8.500769230769231,,-5.521538461538461,0.36,,,5.881538461538462,,-38.50615384615385,-47.62,,,-9.113846153846147,
HSG,2025-04-04,MKT-2025-04,True,76.8,1,11,False,,-17.63,-9.4,-5.5,60.0,10,2.402727272727272,-11.99,,,-14.392727272727273,,1.4372727272727273,-11.6,,,-13.037272727272727,,-7.136363636363635,-6.08,,,1.0563636363636348,,-5.571818181818181,-14.01,,,-8.438181818181818,,-11.43272727272727,-18.11,,,-6.6772727272727295,
NKG,2020-03-13,MKT-2020-01,True,85.0,5,19,True,18.0,-29.58,-18.8,-5.52,60.0,10,9.208421052631579,-9.79,16.91,7.7015789473684215,-18.998421052631578,26.7,25.551578947368423,16.71,24.03,-1.5215789473684218,-8.841578947368422,7.32,17.531052631578948,3.2,24.03,6.498947368421053,-14.331052631578949,20.830000000000002,17.276315789473685,2.58,24.03,6.753684210526316,-14.696315789473685,21.450000000000003,-11.244210526315788,-26.88,-6.43,4.814210526315788,-15.635789473684211,20.45
NKG,2020-07-27,MKT-2020-06,True,70.7,1,11,True,7.0,-18.16,-10.45,-7.21,60.0,10,6.335454545454545,8.52,-0.57,-6.905454545454545,2.1845454545454546,-9.09,16.435454545454544,30.48,8.27,-8.165454545454544,14.044545454545457,-22.21,16.435454545454544,30.48,8.27,-8.165454545454544,14.044545454545457,-22.21,16.435454545454544,30.48,8.27,-8.165454545454544,14.044545454545457,-22.21,-2.171818181818182,0.0,-3.44,-1.268181818181818,2.171818181818182,-3.44
NKG,2022-11-18,MKT-2022-09,True,74.6,1,11,True,6.0,-41.99,-6.23,-32.67,60.0,10,23.905454545454543,44.12,16.08,-7.825454545454544,20.214545454545455,-28.04,41.845454545454544,50.51,36.26,-5.585454545454546,8.664545454545454,-14.25,33.74999999999999,50.51,36.26,2.510000000000005,16.760000000000005,-14.25,33.92818181818181,50.51,36.26,2.3318181818181856,16.581818181818186,-14.25,-5.483636363636364,-7.88,-5.15,0.33363636363636395,-2.3963636363636356,2.7299999999999995
NKG,2024-08-05,MKT-2024-08,True,72.4,1,11,False,,-20.99,-8.17,-9.21,60.0,10,-2.1927272727272724,-8.51,,,-6.317272727272727,,-1.662727272727273,-8.34,,,-6.677272727272727,,-1.662727272727273,-8.34,,,-6.677272727272727,,-1.662727272727273,-8.34,,,-6.677272727272727,,-4.573636363636364,-4.37,,,0.20363636363636406,
NKG,2025-04-11,MKT-2025-04,True,81.9,1,11,False,,-22.89,-8.52,-13.41,60.0,10,-2.143636363636364,-4.68,,,-2.5363636363636357,,-4.4354545454545455,-7.41,,,-2.9745454545454546,,-4.6890909090909085,-7.76,,,-3.0709090909090913,,-4.301818181818182,-6.4,,,-2.0981818181818186,,-5.827272727272727,-11.92,,,-6.092727272727273,
NKG,2026-07-20,MKT-2026-07,True,72.1,1,11,True,10.0,-14.05,-7.16,-7.91,60.0,10,-1.9800000000000002,6.07,-8.34,-6.359999999999999,8.05,-14.41,,,,,,,-11.32090909090909,-7.34,-12.5,-1.1790909090909096,3.9809090909090905,-5.16,-11.573636363636364,-8.21,-9.48,2.0936363636363637,3.3636363636363633,-1.2699999999999996,-14.310000000000002,-8.8,-18.57,-4.259999999999998,5.510000000000002,-9.77
VIC,2020-03-12,MKT-2020-01,True,91.9,10,21,True,15.0,-16.55,-18.0,-1.74,60.0,10,0.5538095238095238,8.27,-6.26,-6.813809523809524,7.716190476190476,-14.53,-11.071428571428571,-7.21,-19.35,-8.27857142857143,3.861428571428571,-12.14,-10.156666666666665,-1.57,-19.35,-9.193333333333337,8.586666666666664,-17.78,-9.431428571428572,-1.57,-19.35,-9.918571428571429,7.861428571428572,-17.78,-10.05857142857143,-20.93,-3.25,6.80857142857143,-10.87142857142857,17.68
VIC,2026-02-04,IDIO-2026Q1,False,70.9,1,11,True,6.0,-31.14,-5.86,-23.81,60.0,10,5.028181818181818,27.41,-4.59,-9.618181818181817,22.381818181818183,-32.0,46.231818181818184,78.72,33.3,-12.931818181818187,32.488181818181815,-45.42,24.55454545454545,78.72,-2.02,-26.57454545454545,54.16545454545455,-80.74,26.61272727272727,78.72,3.67,-22.942727272727268,52.10727272727273,-75.05,-15.909999999999998,-0.08,-24.15,-8.24,15.829999999999998,-24.07
VRE,2020-03-11,MKT-2020-01,True,96.3,15,25,True,17.0,-18.1,-13.52,-2.33,60.0,10,4.756,1.39,7.22,2.4639999999999995,-3.3660000000000005,5.83,3.326,-2.88,6.49,3.164,-6.2059999999999995,9.370000000000001,1.6743999999999997,-0.47,6.49,4.815600000000001,-2.1443999999999996,6.96,1.4512,-3.16,6.49,5.0388,-4.6112,9.65,-11.169600000000003,-30.17,-1.83,9.339600000000003,-19.0004,28.340000000000003
VRE,2021-01-29,MKT-2021-01,True,80.0,2,12,True,9.0,-15.23,-11.52,-3.98,60.0,10,-0.4874999999999999,-2.68,-4.27,-3.7824999999999998,-2.1925000000000003,-1.5899999999999994,-19.638333333333332,-20.44,-24.19,-4.551666666666669,-0.8016666666666694,-3.75,-18.755,-20.44,-20.61,-1.8550000000000004,-1.6850000000000023,-0.16999999999999815,-13.86,-20.44,-8.15,5.709999999999999,-6.580000000000002,12.290000000000001,-9.385833333333332,-10.32,-15.68,-6.294166666666667,-0.9341666666666679,-5.359999999999999
VNM,2020-02-03,MKT-2020-01,True,75.3,2,12,False,,-10.71,-6.39,-3.52,60.0,10,6.886666666666668,0.52,,,-6.366666666666667,,13.951666666666668,9.52,,,-4.431666666666668,,3.9633333333333334,2.11,,,-1.8533333333333335,,3.2624999999999993,2.38,,,-0.8824999999999994,,-22.135,-23.85,,,-1.7149999999999999,
VNM,2021-01-28,MKT-2021-01,True,76.7,1,11,True,6.0,-17.37,-14.26,-5.27,60.0,10,-10.606363636363637,-7.2,-11.24,-0.6336363636363629,3.406363636363637,-4.04,-28.431818181818176,-26.12,-28.09,0.34181818181817647,2.3118181818181753,-1.9699999999999989,-22.204545454545453,-26.12,-22.63,-0.42545454545454575,-3.9154545454545477,3.490000000000002,-14.969999999999999,-26.12,-10.78,4.1899999999999995,-11.150000000000002,15.340000000000002,-17.723636363636363,-4.7,-21.36,-3.6363636363636367,13.023636363636363,-16.66
VNM,2025-04-08,MKT-2025-04,True,90.8,2,12,False,,-13.5,-15.23,-0.08,60.0,10,-5.170000000000001,-3.21,,,1.9600000000000009,,-9.480833333333335,-10.35,,,-0.8691666666666649,,-9.480833333333335,-10.35,,,-0.8691666666666649,,-9.480833333333335,-10.35,,,-0.8691666666666649,,-3.4725,0.0,,,3.4725,
SAB,2020-02-04,MKT-2020-01,True,82.2,3,13,False,,-13.98,-6.29,-7.93,60.0,10,-7.683076923076923,-10.52,,,-2.8369230769230764,,1.1923076923076923,-4.48,,,-5.672307692307693,,-3.5184615384615388,-6.04,,,-2.5215384615384613,,-5.536153846153845,-7.73,,,-2.193846153846155,,-40.80615384615384,-44.06,,,-3.253846153846162,
SAB,2020-03-13,MKT-2020-01,True,97.1,9,20,True,16.0,-22.58,-18.8,-6.02,60.0,10,19.174500000000002,-0.06,15.06,-4.114500000000001,-19.2345,15.120000000000001,11.26,11.98,12.85,1.5899999999999999,0.7200000000000006,0.8699999999999992,7.4799999999999995,-4.32,12.85,5.37,-11.8,17.17,7.416499999999999,-4.32,12.85,5.4335,-11.7365,17.17,-6.357000000000001,-21.48,-1.45,4.907000000000001,-15.123,20.03
SAB,2021-01-29,MKT-2021-01,True,92.2,1,11,True,9.0,-21.92,-11.52,-13.71,60.0,10,-5.316363636363636,-5.58,-7.01,-1.6936363636363634,-0.26363636363636367,-1.4299999999999997,-23.428181818181823,-22.19,-25.09,-1.6618181818181768,1.2381818181818218,-2.8999999999999986,-19.779090909090908,-21.7,-17.98,1.799090909090907,-1.9209090909090918,3.719999999999999,-15.123636363636365,-21.09,-8.47,6.653636363636364,-5.966363636363635,12.62,-16.014545454545456,-9.91,-20.84,-4.825454545454544,6.104545454545455,-10.93
SAB,2025-04-04,MKT-2025-04,True,81.9,3,13,True,12.0,-16.0,-9.4,-7.85,60.0,10,-1.5469230769230768,6.07,-7.17,-5.623076923076923,7.616923076923078,-13.24,-8.804615384615385,-2.01,-15.37,-6.565384615384614,6.794615384615385,-13.36,-8.804615384615385,-2.01,-15.37,-6.565384615384614,6.794615384615385,-13.36,-8.193846153846154,-2.01,-15.37,-7.176153846153845,6.183846153846154,-13.36,-4.8561538461538465,-4.26,-3.77,1.0861538461538465,0.5961538461538467,0.48999999999999977
SAB,2026-03-09,MKT-2026-03,True,76.9,1,11,False,,-18.51,-12.1,-9.6,60.0,10,-1.1063636363636362,0.45,,,1.5563636363636362,,3.9045454545454543,1.93,,,-1.9745454545454544,,3.9045454545454543,1.93,,,-1.9745454545454544,,3.9045454545454543,1.93,,,-1.9745454545454544,,-4.498181818181818,-3.55,,,0.9481818181818182,
MSN,2019-12-04,IDIO-2019Q4,False,83.1,3,16,False,,-18.62,-5.68,-12.21,60.0,10,-4.0975,-7.56,,,-3.4624999999999995,,12.888125,-3.94,,,-16.828125,,-7.035625,-4.67,,,2.3656249999999996,,-7.800624999999999,-6.99,,,0.810624999999999,,-18.6525,-25.44,,,-6.787500000000001,
MSN,2020-07-27,MKT-2020-06,True,73.4,1,11,True,6.0,-14.05,-10.45,-5.73,60.0,10,-1.9663636363636363,-1.65,-3.93,-1.9636363636363638,0.3163636363636364,-2.2800000000000002,51.712727272727264,51.98,48.04,-3.672727272727265,0.2672727272727329,-3.9399999999999977,51.712727272727264,51.98,48.04,-3.672727272727265,0.2672727272727329,-3.9399999999999977,51.712727272727264,51.98,48.04,-3.672727272727265,0.2672727272727329,-3.9399999999999977,-2.52,-2.0,-2.8,-0.2799999999999998,0.52,-0.7999999999999998
MSN,2022-10-11,MKT-2022-09,True,77.3,2,12,False,,-29.57,-19.22,-8.51,60.0,10,23.18666666666667,9.11,,,-14.076666666666672,,19.4525,16.82,,,-2.6325000000000003,,4.973333333333333,-8.74,,,-13.713333333333333,,5.360833333333333,-9.49,,,-14.850833333333334,,-11.027500000000002,-15.11,,,-4.082499999999998,
MSN,2025-04-04,MKT-2025-04,True,85.2,4,14,True,11.0,-18.42,-9.4,-8.16,60.0,10,0.3478571428571428,5.21,-4.03,-4.377857142857143,4.8621428571428575,-9.24,9.578571428571427,15.49,4.69,-4.888571428571427,5.911428571428573,-10.8,9.578571428571427,15.49,4.69,-4.888571428571427,5.911428571428573,-10.8,8.597142857142858,15.49,4.69,-3.9071428571428575,6.892857142857142,-10.8,-4.435,-8.71,-2.35,2.0849999999999995,-4.275000000000001,6.360000000000001
GAS,2020-03-10,MKT-2020-01,True,92.7,11,21,True,18.0,-22.59,-10.74,-11.03,60.0,10,4.020952380952381,5.65,-0.01,-4.030952380952381,1.6290476190476193,-5.66,2.8166666666666664,4.86,-3.92,-6.736666666666666,2.043333333333334,-8.780000000000001,1.331904761904762,-11.12,-3.92,-5.251904761904762,-12.45190476190476,7.199999999999999,1.4990476190476185,-11.12,-3.92,-5.4190476190476184,-12.619047619047617,7.199999999999999,-5.737142857142858,-23.55,-4.83,0.9071428571428584,-17.81285714285714,18.72
GAS,2021-01-28,MKT-2021-01,True,72.1,3,13,True,9.0,-21.46,-14.26,-6.68,60.0,10,5.57923076923077,8.15,-0.16,-5.73923076923077,2.5707692307692307,-8.31,-11.795384615384616,-10.48,-15.83,-4.034615384615384,1.315384615384616,-5.35,-11.795384615384616,-10.48,-15.83,-4.034615384615384,1.315384615384616,-5.35,-10.355384615384615,-10.48,-13.57,-3.214615384615385,-0.12461538461538524,-3.09,-5.384615384615385,-1.38,-9.37,-3.985384615384614,4.004615384615385,-7.989999999999999
GAS,2025-04-04,MKT-2025-04,True,92.4,4,14,False,,-15.05,-9.4,-6.96,60.0,10,-0.7478571428571428,2.19,,,2.9378571428571427,,-3.2157142857142857,2.88,,,6.095714285714285,,-3.2157142857142857,2.88,,,6.095714285714285,,-3.3321428571428577,2.88,,,6.212142857142858,,-4.699285714285714,-9.29,,,-4.590714285714285,
PLX,2020-03-11,MKT-2020-01,True,98.1,7,20,True,15.0,-23.27,-13.52,-8.95,60.0,10,-0.0655000000000004,10.04,-11.88,-11.8145,10.1055,-21.92,0.12950000000000003,8.83,-11.57,-11.6995,8.7005,-20.4,-0.3195,-5.14,-11.57,-11.2505,-4.8205,-6.430000000000001,0.22600000000000003,-5.14,-11.57,-11.796000000000001,-5.366,-6.430000000000001,-5.626499999999999,-11.51,-5.47,0.15649999999999942,-5.883500000000001,6.04
PLX,2021-01-28,MKT-2021-01,True,70.1,1,11,True,6.0,-17.64,-14.26,-3.04,60.0,10,3.5390909090909086,10.01,3.1,-0.43909090909090853,6.470909090909091,-6.91,-11.418181818181818,-14.62,-9.56,1.8581818181818175,-3.2018181818181812,5.059999999999999,-12.505454545454546,-14.62,-9.56,2.9454545454545453,-2.1145454545454534,5.059999999999999,-12.25,-14.62,-9.56,2.6899999999999995,-2.369999999999999,5.059999999999999,-5.926363636363636,0.0,-7.96,-2.033636363636364,5.926363636363636,-7.96
PLX,2025-04-04,MKT-2025-04,True,81.1,3,14,False,,-17.55,-9.4,-8.78,60.0,10,-5.1499999999999995,-2.44,,,2.7099999999999995,,-7.905,-1.94,,,5.965,,-8.26,-6.91,,,1.3499999999999996,,-7.231428571428571,-1.94,,,5.291428571428572,,-5.914285714285714,-7.49,,,-1.5757142857142865,
POW,2020-03-12,MKT-2020-01,True,77.4,5,23,True,18.0,-23.05,-18.0,-1.17,60.0,10,9.24,7.49,1.07,-8.17,-1.75,-6.42,4.123043478260869,16.6,-5.55,-9.673043478260869,12.476956521739133,-22.150000000000002,0.7613043478260867,4.17,-5.55,-6.311304347826087,3.4086956521739133,-9.719999999999999,1.096521739130435,4.12,-5.55,-6.646521739130435,3.023478260869565,-9.67,-8.839999999999998,-12.48,-5.63,3.209999999999998,-3.6400000000000023,6.8500000000000005
POW,2021-01-29,MKT-2021-01,True,77.9,3,13,False,,-19.35,-11.52,-6.97,60.0,10,3.0107692307692306,8.07,,,5.059230769230769,,-17.51846153846154,-15.88,,,1.6384615384615397,,-17.601538461538464,-15.88,,,1.7215384615384632,,-15.191538461538462,-15.88,,,-0.6884615384615387,,-7.166153846153847,-4.98,,,2.1861538461538466,
POW,2022-10-11,MKT-2022-09,True,70.7,2,12,False,,-29.06,-19.22,-4.68,60.0,10,7.2491666666666665,7.99,,,0.7408333333333337,,7.548333333333333,7.83,,,0.2816666666666672,,-2.6025,-2.48,,,0.12250000000000005,,-1.7824999999999998,-5.54,,,-3.7575000000000003,,-15.75916666666667,-13.51,,,2.249166666666671,
POW,2025-04-08,MKT-2025-04,True,80.0,2,12,True,11.0,-18.44,-15.23,-2.17,60.0,10,3.1550000000000007,9.62,1.24,-1.9150000000000007,6.464999999999998,-8.379999999999999,-5.539166666666667,2.92,-10.32,-4.780833333333334,8.459166666666667,-13.24,-5.539166666666667,2.92,-10.32,-4.780833333333334,8.459166666666667,-13.24,-5.539166666666667,2.92,-10.32,-4.780833333333334,8.459166666666667,-13.24,-3.5941666666666676,0.0,-2.52,1.0741666666666676,3.5941666666666676,-2.52
BID,2020-03-11,MKT-2020-01,True,79.9,5,19,True,17.0,-24.15,-13.52,-5.42,60.0,10,-3.4078947368421053,4.0,-8.76,-5.3521052631578945,7.407894736842105,-12.76,-6.298421052631579,-3.63,-12.79,-6.49157894736842,2.6684210526315795,-9.16,-5.679473684210528,0.38,-12.79,-7.110526315789471,6.059473684210528,-13.17,-3.982631578947369,-2.62,-15.83,-11.84736842105263,1.362631578947369,-13.21,-9.129473684210527,-19.7,-11.7,-2.570526315789472,-10.570526315789472,8.0
BID,2021-01-28,MKT-2021-01,True,78.2,4,14,True,6.0,-21.37,-14.26,-5.25,60.0,10,-2.021428571428572,-3.1,-2.68,-0.6585714285714284,-1.0785714285714283,0.41999999999999993,-12.587142857142856,-14.43,-11.15,1.437142857142856,-1.8428571428571434,3.2799999999999994,-12.587142857142856,-14.43,-11.15,1.437142857142856,-1.8428571428571434,3.2799999999999994,-12.775714285714287,-14.43,-11.15,1.6257142857142863,-1.654285714285713,3.2799999999999994,-4.869285714285715,0.0,-6.58,-1.7107142857142854,4.869285714285715,-6.58
BID,2025-04-09,MKT-2025-04,True,82.7,1,11,False,,-20.68,-18.11,-2.58,60.0,10,-7.340909090909091,-7.73,,,-0.3890909090909096,,-14.812727272727273,-13.31,,,1.502727272727272,,-14.812727272727273,-13.31,,,1.502727272727272,,-10.875454545454547,-13.31,,,-2.4345454545454537,,-7.84,-5.48,,,2.3599999999999994,
CTG,2021-01-28,MKT-2021-01,True,80.0,2,12,True,6.0,-23.2,-14.26,-6.03,60.0,10,4.473333333333334,11.34,0.18,-4.293333333333334,6.866666666666666,-11.16,16.616666666666667,19.36,16.25,-0.36666666666666714,2.7433333333333323,-3.1099999999999994,16.616666666666667,19.36,16.25,-0.36666666666666714,2.7433333333333323,-3.1099999999999994,16.616666666666667,19.36,16.25,-0.36666666666666714,2.7433333333333323,-3.1099999999999994,-1.7066666666666668,0.0,-5.55,-3.843333333333333,1.7066666666666668,-5.55
CTG,2022-10-07,MKT-2022-09,True,72.9,1,11,True,7.0,-27.44,-17.1,-5.27,60.0,10,20.670909090909092,24.13,23.36,2.6890909090909076,3.459090909090907,-0.7699999999999996,30.80090909090909,38.99,26.79,-4.010909090909092,8.189090909090911,-12.200000000000003,30.80090909090909,38.99,26.79,-4.010909090909092,8.189090909090911,-12.200000000000003,18.91090909090909,38.99,2.02,-16.89090909090909,20.07909090909091,-36.97,-6.397272727272727,-1.01,-9.57,-3.172727272727273,5.387272727272728,-8.56
CTG,2025-04-08,MKT-2025-04,True,82.6,2,12,False,,-15.58,-15.23,1.55,60.0,10,-4.892500000000001,-9.97,,,-5.0775,,-3.7541666666666664,-3.07,,,0.6841666666666666,,-3.7541666666666664,-3.07,,,0.6841666666666666,,-4.2333333333333325,-3.07,,,1.1633333333333327,,-5.826666666666665,0.0,,,5.826666666666665,
MBB,2020-03-12,MKT-2020-01,True,80.7,8,24,True,18.0,-22.7,-18.0,-0.41,60.0,10,-5.837083333333333,-5.62,-7.22,-1.3829166666666666,0.21708333333333307,-1.5999999999999996,-11.135,-10.32,-11.01,0.125,0.8149999999999995,-0.6899999999999995,-4.208333333333333,6.61,-11.01,-6.801666666666667,10.818333333333333,-17.62,-4.4575,4.86,-11.01,-6.5525,9.317499999999999,-15.870000000000001,-9.660416666666666,-17.07,-4.83,4.830416666666666,-7.409583333333334,12.24
MBB,2020-07-27,MKT-2020-06,True,74.8,1,11,True,7.0,-12.5,-10.45,-0.6,60.0,10,1.2609090909090908,0.86,0.95,-0.3109090909090908,-0.40090909090909077,0.08999999999999997,12.574545454545454,12.28,12.55,-0.024545454545453538,-0.2945454545454549,0.27000000000000135,12.574545454545454,12.28,12.55,-0.024545454545453538,-0.2945454545454549,0.27000000000000135,12.574545454545454,12.28,12.55,-0.024545454545453538,-0.2945454545454549,0.27000000000000135,-1.386363636363636,-3.51,-0.78,0.606363636363636,-2.123636363636364,2.7299999999999995
MBB,2022-06-17,MKT-2022-04,True,77.5,1,11,False,,-17.13,-6.93,-9.11,60.0,10,7.449090909090909,13.0,,,5.550909090909091,,6.062727272727273,13.31,,,7.247272727272727,,6.062727272727273,13.31,,,7.247272727272727,,6.062727272727273,13.31,,,7.247272727272727,,-2.4227272727272724,-6.18,,,-3.7572727272727273,
MBB,2022-10-07,MKT-2022-09,True,92.7,3,13,False,,-25.08,-17.1,-4.09,60.0,10,2.5446153846153843,5.35,,,2.8053846153846154,,5.046153846153846,3.34,,,-1.7061538461538461,,-0.7076923076923077,-0.97,,,-0.26230769230769224,,-0.8346153846153845,-3.97,,,-3.1353846153846154,,-22.51846153846154,-22.04,,,0.4784615384615414,
MBB,2025-04-08,MKT-2025-04,True,84.6,2,12,True,11.0,-15.76,-15.23,0.79,60.0,10,-1.0925,1.18,-4.89,-3.7974999999999994,2.2725,-6.069999999999999,-5.007499999999999,2.49,-9.12,-4.1125,7.4975,-11.61,-5.007499999999999,2.49,-9.12,-4.1125,7.4975,-11.61,-4.948333333333332,2.49,-9.12,-4.171666666666667,7.438333333333333,-11.61,-4.685833333333334,0.0,-1.49,3.1958333333333337,4.685833333333334,-1.49
VPB,2020-03-12,MKT-2020-01,True,80.0,8,20,False,,-21.69,-18.0,3.39,60.0,10,-3.9515000000000002,-10.59,,,-6.6385,,-12.8,-16.16,,,-3.3599999999999994,,-3.4110000000000005,-8.48,,,-5.069,,-2.459,6.47,,,8.929,,-14.344,-23.78,,,-9.436000000000002,
VPB,2022-10-07,MKT-2022-09,True,79.6,4,14,False,,-24.66,-17.1,-3.71,60.0,10,10.090000000000002,20.89,,,10.799999999999999,,17.805,22.19,,,4.385000000000002,,-2.6914285714285713,1.55,,,4.241428571428571,,0.09000000000000018,22.19,,,22.1,,-12.814999999999998,-7.68,,,5.134999999999998,
VPB,2025-04-08,MKT-2025-04,True,89.2,2,12,False,,-19.57,-15.23,-3.1,60.0,10,0.8866666666666667,-6.9,,,-7.786666666666667,,4.736666666666667,-2.65,,,-7.386666666666667,,4.736666666666667,-2.65,,,-7.386666666666667,,2.375,-2.65,,,-5.025,,-6.6475,-0.26,,,6.3875,
STB,2020-03-23,MKT-2020-01,True,74.0,3,13,True,11.0,-27.04,-26.72,3.79,60.0,10,-7.002307692307694,-17.16,-8.96,-1.957692307692307,-10.157692307692306,8.2,6.208461538461539,-4.48,5.7,-0.508461538461539,-10.688461538461539,10.18,2.2299999999999995,-10.1,5.7,3.4700000000000006,-12.329999999999998,15.8,3.868461538461539,-13.1,5.7,1.8315384615384613,-16.96846153846154,18.8,-9.844615384615384,-21.93,-7.13,2.714615384615384,-12.085384615384616,14.8
STB,2020-07-27,MKT-2020-06,True,73.2,1,11,False,,-13.98,-10.45,-2.22,60.0,10,-0.718181818181818,-2.21,,,-1.491818181818182,,16.303636363636368,19.39,,,3.0863636363636324,,16.303636363636368,19.39,,,3.0863636363636324,,16.303636363636368,19.39,,,3.0863636363636324,,-1.6645454545454543,-2.94,,,-1.2754545454545456,
STB,2022-05-09,MKT-2022-04,True,78.5,3,16,True,15.0,-25.55,-15.49,-4.66,60.0,10,-1.9025000000000003,-15.9,7.28,9.182500000000001,-13.9975,23.18,14.255,10.57,12.51,-1.745000000000001,-3.6850000000000005,1.9399999999999995,-0.9037499999999999,1.32,-12.29,-11.386249999999999,2.22375,-13.61,-4.7725,-1.68,-8.15,-3.3775000000000004,3.0925000000000002,-6.470000000000001,-14.27875,-17.52,-17.26,-2.981250000000001,-3.241249999999999,0.259999999999998
STB,2022-10-07,MKT-2022-09,True,87.4,3,13,True,6.0,-27.49,-17.1,-4.06,60.0,10,7.883846153846155,1.65,1.9,-5.983846153846155,-6.233846153846155,0.25,45.790000000000006,41.81,34.81,-10.980000000000004,-3.980000000000004,-7.0,7.145384615384615,-0.5,-5.96,-13.105384615384615,-7.645384615384615,-5.46,7.372307692307692,-3.5,-7.06,-14.432307692307692,-10.872307692307693,-3.5599999999999996,-15.832307692307694,-13.27,-24.05,-8.217692307692307,2.5623076923076944,-10.780000000000001
STB,2025-04-09,MKT-2025-04,True,77.6,1,11,True,8.0,-16.73,-18.11,3.88,60.0,10,-3.12,0.85,-6.64,-3.5199999999999996,3.97,-7.489999999999999,3.0899999999999994,10.27,-2.0,-5.09,7.18,-12.27,3.0899999999999994,10.27,-2.0,-5.09,7.18,-12.27,3.0899999999999994,10.27,-2.0,-5.09,7.18,-12.27,-2.586363636363636,0.0,-6.92,-4.333636363636364,2.586363636363636,-6.92
ACB,2022-10-07,MKT-2022-09,True,79.0,3,13,True,7.0,-21.63,-17.1,-4.63,60.0,10,10.936923076923078,17.83,6.7,-4.236923076923078,6.89307692307692,-11.129999999999999,17.209230769230768,22.45,14.26,-2.949230769230768,5.2407692307692315,-8.19,8.376153846153844,22.45,-0.18,-8.556153846153844,14.073846153846155,-22.63,6.596153846153845,22.45,-0.06,-6.6561538461538445,15.853846153846154,-22.509999999999998,-10.726153846153846,-4.13,-17.14,-6.413846153846155,6.596153846153846,-13.010000000000002
ACB,2025-04-03,MKT-2025-04,True,94.8,4,14,True,13.0,-9.38,-7.96,-1.41,60.0,10,-4.049999999999999,-3.18,-5.12,-1.0700000000000012,0.8699999999999988,-1.94,-9.304285714285713,-6.38,-12.07,-2.765714285714287,2.9242857142857135,-5.69,-9.059285714285712,-2.95,-12.07,-3.010714285714288,6.109285714285712,-9.120000000000001,-8.540000000000001,-2.95,-12.07,-3.5299999999999994,5.590000000000001,-9.120000000000001,-6.338571428571428,-8.57,-2.22,4.118571428571428,-2.231428571428572,6.35
TPB,2021-01-28,MKT-2021-01,True,80.0,1,11,True,8.0,-18.92,-14.26,-3.96,60.0,10,2.119090909090909,11.77,0.87,-1.249090909090909,9.65090909090909,-10.9,3.291818181818182,3.17,8.48,5.1881818181818184,-0.12181818181818205,5.3100000000000005,3.291818181818182,3.17,8.48,5.1881818181818184,-0.12181818181818205,5.3100000000000005,3.291818181818182,3.17,8.48,5.1881818181818184,-0.12181818181818205,5.3100000000000005,-4.612727272727273,0.0,-4.73,-0.1172727272727272,4.612727272727273,-4.73
TPB,2022-10-10,MKT-2022-09,True,90.8,4,14,True,7.0,-22.48,-16.49,-5.01,60.0,10,8.874285714285715,11.54,12.11,3.235714285714284,2.6657142857142837,0.5700000000000003,9.299285714285714,12.72,9.89,0.5907142857142862,3.4207142857142863,-2.83,8.232857142857144,7.72,9.89,1.6571428571428566,-0.5128571428571442,2.170000000000001,5.298571428571428,12.72,7.5,2.201428571428572,7.421428571428573,-5.220000000000001,-9.011428571428572,-5.42,-9.57,-0.5585714285714278,3.5914285714285725,-4.15
TPB,2025-04-03,MKT-2025-04,True,83.1,5,15,True,11.0,-18.64,-7.96,-9.84,60.0,10,1.7886666666666664,2.78,-3.53,-5.318666666666666,0.9913333333333334,-6.31,-0.7726666666666665,-2.28,-4.14,-3.3673333333333333,-1.5073333333333334,-1.8599999999999999,-0.9073333333333333,-4.3,-4.14,-3.2326666666666664,-3.3926666666666665,0.16000000000000014,-0.9073333333333333,-4.3,-4.14,-3.2326666666666664,-3.3926666666666665,0.16000000000000014,-2.9646666666666666,-10.5,-3.0,-0.03533333333333344,-7.535333333333334,7.5
HDB,2020-03-12,MKT-2020-01,True,83.0,12,24,True,17.0,-20.77,-18.0,0.89,60.0,10,-3.9066666666666667,-9.94,-2.08,1.8266666666666667,-6.033333333333333,7.859999999999999,9.038333333333334,4.77,10.29,1.2516666666666652,-4.268333333333334,5.52,5.2675,-3.42,10.29,5.022499999999999,-8.6875,13.709999999999999,5.203749999999999,3.29,10.29,5.08625,-1.9137499999999994,6.999999999999999,-12.40625,-24.29,-5.93,6.47625,-11.88375,18.36
HDB,2021-01-28,MKT-2021-01,True,80.0,3,13,True,9.0,-22.22,-14.26,-5.59,60.0,10,4.5261538461538455,8.06,4.0,-0.5261538461538455,3.533846153846155,-4.0600000000000005,12.963846153846154,13.76,11.23,-1.7338461538461534,0.796153846153846,-2.5299999999999994,12.963846153846154,13.76,11.23,-1.7338461538461534,0.796153846153846,-2.5299999999999994,12.963846153846154,13.76,11.23,-1.7338461538461534,0.796153846153846,-2.5299999999999994,-2.3638461538461537,0.0,-2.42,-0.05615384615384622,2.3638461538461537,-2.42
HDB,2022-10-10,MKT-2022-09,True,89.9,2,12,False,,-18.48,-16.49,-0.94,60.0,10,-3.776666666666667,-7.56,,,-3.7833333333333328,,-2.4283333333333332,-3.14,,,-0.7116666666666669,,-4.534166666666667,-7.26,,,-2.725833333333333,,-5.221666666666668,-3.97,,,1.2516666666666674,,-21.980833333333333,-21.88,,,0.100833333333334,
HDB,2022-11-08,MKT-2022-09,True,75.4,1,11,False,,-14.78,-7.71,-6.8,60.0,10,4.013636363636365,4.46,,,0.4463636363636354,,13.434545454545455,18.0,,,4.5654545454545445,,13.434545454545455,18.0,,,4.5654545454545445,,7.630909090909092,-3.71,,,-11.340909090909092,,-6.513636363636365,-9.41,,,-2.8963636363636356,
HDB,2025-04-09,MKT-2025-04,True,77.8,2,12,True,11.0,-23.08,-18.11,-3.09,60.0,10,-1.8374999999999997,0.01,-5.67,-3.8325000000000005,1.8474999999999997,-5.68,-4.633333333333334,-2.81,-1.13,3.503333333333334,1.8233333333333337,1.6800000000000002,-4.633333333333334,-2.81,-1.13,3.503333333333334,1.8233333333333337,1.6800000000000002,-4.65,-2.81,-1.13,3.5200000000000005,1.8400000000000003,1.6800000000000002,-5.423333333333333,-1.53,-1.65,3.773333333333333,3.8933333333333326,-0.11999999999999988
VIB,2020-03-30,MKT-2020-01,True,78.7,2,12,True,7.0,-31.1,-25.86,0.34,60.0,10,-5.466666666666666,-5.39,-4.96,0.5066666666666659,0.07666666666666622,0.4299999999999997,8.743333333333334,3.33,7.12,-1.623333333333334,-5.413333333333334,3.79,8.743333333333334,3.33,7.12,-1.623333333333334,-5.413333333333334,3.79,8.743333333333334,3.33,7.12,-1.623333333333334,-5.413333333333334,3.79,-2.6658333333333335,-3.07,-3.77,-1.1041666666666665,-0.40416666666666634,-0.7000000000000002
VIB,2022-05-23,MKT-2022-04,True,72.4,1,11,False,,-22.15,-11.63,-8.69,60.0,10,-10.94090909090909,-21.95,,,-11.00909090909091,,-2.549090909090909,2.72,,,5.2690909090909095,,-6.740909090909091,-8.23,,,-1.4890909090909092,,-3.736363636363636,-7.55,,,-3.813636363636364,,-31.33454545454545,-26.36,,,4.974545454545449,
VIB,2022-06-15,MKT-2022-04,True,84.0,4,16,True,9.0,-19.14,-7.19,-10.78,60.0,10,17.92125,13.41,17.24,-0.6812500000000021,-4.51125,3.8299999999999983,5.13375,2.06,0.89,-4.24375,-3.07375,-1.17,1.6643749999999997,-3.43,0.89,-0.7743749999999997,-5.094374999999999,4.32,-0.15124999999999977,-3.56,-7.05,-6.89875,-3.4087500000000004,-3.4899999999999998,-8.6075,-19.63,-9.02,-0.41249999999999964,-11.022499999999999,10.61
VIB,2025-04-03,MKT-2025-04,True,74.9,2,14,False,,-11.18,-7.96,-3.28,60.0,10,-5.015714285714287,-6.92,,,-1.904285714285713,,-10.946428571428571,-12.14,,,-1.1935714285714294,,-10.300714285714287,-3.1,,,7.200714285714287,,-9.895714285714288,-3.1,,,6.795714285714288,,-5.486428571428571,-8.67,,,-3.1835714285714287,
SHB,2020-05-21,MKT-2020-01,True,78.5,1,11,True,6.0,-31.4,0.0,-31.4,60.0,10,0.12909090909090926,21.57,-2.71,-2.8390909090909093,21.44090909090909,-24.28,-4.223636363636363,4.84,-2.16,2.0636363636363626,9.063636363636363,-7.0,-8.158181818181818,-2.65,-7.95,0.20818181818181802,5.508181818181818,-5.300000000000001,-4.569090909090909,-5.13,-3.95,0.6190909090909091,-0.5609090909090906,1.1799999999999997,-29.004545454545454,-17.58,-29.27,-0.2654545454545456,11.424545454545456,-11.690000000000001
SHB,2021-01-29,MKT-2021-01,True,80.0,3,13,True,5.0,-23.87,-11.52,-10.02,60.0,10,9.862307692307693,-3.76,4.5,-5.362307692307693,-13.622307692307693,8.26,76.46615384615384,63.72,63.15,-13.316153846153846,-12.746153846153845,-0.5700000000000003,76.46615384615384,63.72,63.15,-13.316153846153846,-12.746153846153845,-0.5700000000000003,76.46615384615384,63.72,63.15,-13.316153846153846,-12.746153846153845,-0.5700000000000003,-3.333846153846153,-8.95,-7.47,-4.136153846153847,-5.616153846153846,1.4799999999999995
SHB,2022-05-10,MKT-2022-04,True,71.0,1,11,False,,-26.57,-12.72,-10.41,60.0,10,-1.6600000000000001,-2.87,,,-1.21,,7.176363636363636,7.25,,,0.07363636363636417,,-0.7763636363636363,1.39,,,2.166363636363636,,-1.1254545454545457,3.05,,,4.175454545454546,,-12.643636363636364,-20.43,,,-7.786363636363635,
SHB,2022-10-07,MKT-2022-09,True,73.3,2,13,False,,-28.09,-17.1,-6.24,60.0,10,6.81923076923077,12.09,,,5.27076923076923,,12.677692307692306,15.96,,,3.282307692307695,,-2.120769230769231,-10.84,,,-8.71923076923077,,-0.6376923076923077,-10.84,,,-10.202307692307691,,-21.672307692307694,-18.06,,,3.612307692307695,
GVR,2019-12-03,IDIO-2019Q4,False,73.9,1,11,False,,-14.06,-6.97,-8.83,60.0,10,-10.074545454545454,-9.27,,,0.8045454545454547,,-1.728181818181818,7.07,,,8.798181818181819,,-4.608181818181818,-5.54,,,-0.9318181818181817,,-7.743636363636363,-8.54,,,-0.7963636363636359,,-28.499090909090913,-22.8,,,5.699090909090913,
GVR,2019-12-24,IDIO-2019Q4,False,71.9,1,11,True,7.0,-23.88,-1.97,-22.36,60.0,10,0.6554545454545454,10.41,-9.22,-9.875454545454547,9.754545454545454,-19.630000000000003,6.965454545454546,5.35,4.59,-2.375454545454546,-1.6154545454545461,-0.7599999999999998,-8.114545454545455,-5.79,-11.02,-2.9054545454545444,2.324545454545455,-5.2299999999999995,-4.3545454545454545,-5.58,-7.24,-2.8854545454545457,-1.2254545454545456,-1.6600000000000001,-27.925454545454546,-24.34,-35.51,-7.584545454545452,3.585454545454546,-11.169999999999998
GVR,2020-03-25,MKT-2020-01,True,72.0,2,15,True,11.0,-32.11,-23.17,-11.57,60.0,10,16.975333333333335,1.8,8.64,-8.335333333333335,-15.175333333333334,6.840000000000001,12.156666666666666,19.42,-3.55,-15.706666666666667,7.263333333333335,-22.970000000000002,11.565999999999999,19.42,-3.55,-15.116,7.854000000000003,-22.970000000000002,9.117333333333333,-4.56,-10.81,-19.927333333333333,-13.677333333333333,-6.250000000000001,-5.124666666666667,-10.62,-11.09,-5.965333333333333,-5.495333333333332,-0.47000000000000064
GVR,2020-07-27,MKT-2020-06,True,73.7,1,11,True,10.0,-15.27,-10.45,-5.49,60.0,10,8.597272727272728,6.52,5.75,-2.8472727272727276,-2.077272727272728,-0.7699999999999996,31.717272727272725,30.13,34.69,2.9727272727272727,-1.587272727272726,4.559999999999999,31.717272727272725,30.13,34.69,2.9727272727272727,-1.587272727272726,4.559999999999999,31.717272727272725,30.13,34.69,2.9727272727272727,-1.587272727272726,4.559999999999999,-1.6845454545454546,-2.5,-4.87,-3.1854545454545455,-0.8154545454545454,-2.37
GVR,2021-02-02,MKT-2021-01,True,78.9,1,11,True,10.0,-29.74,-9.94,-19.17,60.0,10,8.210909090909091,11.94,-4.62,-12.830909090909092,3.7290909090909086,-16.56,-15.43090909090909,-14.88,-21.27,-5.83909090909091,0.550909090909089,-6.389999999999999,-13.570909090909089,-14.88,-9.86,3.710909090909089,-1.3090909090909122,5.020000000000001,-11.617272727272727,-14.88,-5.94,5.677272727272727,-3.2627272727272736,8.940000000000001,-13.835454545454546,-5.82,-24.84,-11.004545454545454,8.015454545454546,-19.02
GVR,2022-04-25,MKT-2022-04,True,76.3,4,22,True,19.0,-25.8,-14.02,-5.78,60.0,10,-0.32954545454545453,-2.49,-2.56,-2.2304545454545455,-2.1604545454545456,-0.06999999999999984,0.8836363636363633,-0.92,-2.44,-3.3236363636363633,-1.8036363636363633,-1.52,-2.4481818181818182,-3.25,-4.99,-2.541818181818182,-0.8018181818181818,-1.7400000000000002,-2.3645454545454547,-11.08,-5.75,-3.3854545454545453,-8.715454545454545,5.33,-18.34272727272727,-22.65,-15.3,3.0427272727272694,-4.3072727272727285,7.349999999999998
GVR,2022-10-12,MKT-2022-09,True,70.3,1,11,False,,-35.75,-16.93,-12.06,60.0,10,-11.533636363636363,-10.57,,,0.963636363636363,,-6.774545454545453,-12.15,,,-5.375454545454548,,-3.7809090909090908,-5.35,,,-1.5690909090909089,,-3.602727272727272,-1.35,,,2.252727272727272,,-39.978181818181824,-41.89,,,-1.9118181818181768,
GVR,2025-04-04,MKT-2025-04,True,97.7,7,17,False,,-20.89,-9.4,-9.05,60.0,10,5.049411764705883,-6.65,,,-11.699411764705882,,-0.9288235294117646,-9.18,,,-8.251176470588234,,-3.5229411764705882,-10.3,,,-6.777058823529412,,-3.673529411764706,-11.99,,,-8.316470588235294,,-8.794117647058822,-15.75,,,-6.9558823529411775,
KBC,2020-03-16,MKT-2020-01,True,85.6,7,18,True,12.0,-20.0,-20.28,-1.46,60.0,10,0.255,-3.72,0.36,0.10499999999999998,-3.975,4.08,8.835555555555556,15.96,0.18,-8.655555555555557,7.124444444444444,-15.780000000000001,4.917777777777777,-5.24,0.18,-4.737777777777778,-10.157777777777778,5.42,2.902222222222222,-6.19,0.18,-2.722222222222222,-9.092222222222222,6.37,-6.868333333333334,-13.79,-3.89,2.978333333333334,-6.921666666666665,9.899999999999999
KBC,2022-10-25,MKT-2022-09,True,85.0,4,23,True,19.0,-35.86,-12.76,-18.94,60.0,10,24.592173913043485,-1.49,20.93,-3.6621739130434854,-26.082173913043484,22.419999999999998,34.13869565217391,23.48,24.44,-9.698695652173907,-10.658695652173908,0.9600000000000009,15.876521739130435,-8.53,24.44,8.563478260869566,-24.406521739130433,32.97,16.153478260869566,-11.61,24.44,8.286521739130436,-27.763478260869565,36.05,-11.934347826086954,-27.6,-4.46,7.474347826086954,-15.665652173913047,23.14
KBC,2025-04-08,MKT-2025-04,True,100.0,9,21,True,12.0,-22.35,-15.23,-5.57,60.0,10,5.87047619047619,-8.43,7.89,2.0195238095238093,-14.30047619047619,16.32,2.322380952380952,-12.04,-0.32,-2.642380952380952,-14.362380952380951,11.719999999999999,0.38142857142857134,-19.03,-0.32,-0.7014285714285713,-19.411428571428573,18.71,-0.431904761904762,-24.0,-0.32,0.111904761904762,-23.56809523809524,23.68,-5.815714285714286,-9.48,-2.63,3.185714285714286,-3.6642857142857146,6.8500000000000005
KBC,2026-03-20,MKT-2026-03,True,77.1,1,11,True,7.0,-19.08,-12.37,-5.74,60.0,10,1.3772727272727274,11.97,-2.22,-3.5972727272727276,10.592727272727274,-14.190000000000001,-13.645454545454545,-3.93,-16.25,-2.6045454545454554,9.715454545454545,-12.32,-13.685454545454546,-3.93,-17.03,-3.3445454545454556,9.755454545454546,-13.100000000000001,-12.767272727272728,-3.93,-14.9,-2.132727272727273,8.837272727272728,-10.97,-7.186363636363637,-5.21,-12.42,-5.2336363636363625,1.9763636363636374,-7.21
IDC,2022-11-11,MKT-2022-09,True,85.0,2,14,True,11.0,-34.75,-10.26,-18.91,60.0,10,7.879285714285714,9.62,-7.62,-15.499285714285714,1.7407142857142857,-17.24,22.315,16.44,8.94,-13.375000000000002,-5.875,-7.500000000000002,16.841428571428573,-19.39,-11.31,-28.151428571428575,-36.23142857142857,8.08,13.150714285714287,-19.39,-13.67,-26.82071428571429,-32.54071428571429,5.720000000000001,-7.928571428571429,-18.9,-13.47,-5.541428571428572,-10.97142857142857,5.429999999999998
IDC,2025-04-08,MKT-2025-04,True,100.0,12,22,True,8.0,-30.29,-15.23,-9.91,60.0,10,4.256818181818181,-7.77,-0.26,-4.516818181818181,-12.02681818181818,7.51,-2.0109090909090908,-4.22,-2.9,-0.8890909090909092,-2.209090909090909,1.3199999999999998,-5.5263636363636355,-25.56,-13.17,-7.6436363636363645,-20.03363636363636,12.389999999999999,-6.029090909090908,-25.56,-13.17,-7.1409090909090915,-19.53090909090909,12.389999999999999,-6.447727272727274,-9.9,-14.18,-7.732272727272726,-3.4522727272727263,-4.279999999999999
VGC,2020-03-16,MKT-2020-01,True,80.5,7,19,True,11.0,-14.07,-20.28,1.34,60.0,10,3.3857894736842113,-1.57,1.15,-2.2357894736842114,-4.955789473684211,2.7199999999999998,15.046315789473685,10.53,12.18,-2.866315789473685,-4.516315789473685,1.6500000000000004,11.583684210526314,1.03,12.18,0.5963157894736852,-10.553684210526315,11.15,9.516315789473685,-5.12,12.18,2.6636842105263145,-14.636315789473684,17.3,-6.627894736842106,-12.86,-2.05,4.577894736842106,-6.2321052631578935,10.809999999999999
VGC,2022-04-26,MKT-2022-04,True,74.4,2,12,False,,-33.58,-12.03,-16.49,60.0,10,8.583333333333334,0.77,,,-7.813333333333334,,55.52,53.02,,,-2.5,,-1.3633333333333322,-8.03,,,-6.666666666666667,,1.6658333333333342,-7.05,,,-8.715833333333334,,-27.688333333333333,-30.55,,,-2.861666666666668,
VGC,2024-08-05,MKT-2024-08,True,76.8,4,14,True,10.0,-23.78,-8.17,-13.48,60.0,10,-2.1257142857142854,-4.93,-3.7,-1.5742857142857147,-2.8042857142857143,1.2299999999999995,1.8585714285714285,-5.67,2.37,0.5114285714285716,-7.5285714285714285,8.04,1.825,-6.14,2.37,0.5450000000000002,-7.965,8.51,-0.8128571428571428,-5.67,-7.13,-6.317142857142857,-4.857142857142857,-1.46,-5.284285714285715,-5.54,-9.78,-4.495714285714285,-0.25571428571428534,-4.239999999999999
VGC,2025-04-09,MKT-2025-04,True,92.5,3,13,True,7.0,-29.79,-18.11,-8.44,60.0,10,3.227692307692308,5.51,-1.57,-4.797692307692308,2.282307692307692,-7.08,-6.825384615384615,-10.53,-9.66,-2.834615384615385,-3.7046153846153844,0.8699999999999992,-6.825384615384615,-10.53,-9.66,-2.834615384615385,-3.7046153846153844,0.8699999999999992,-6.004615384615385,-10.53,-7.21,-1.2053846153846148,-4.525384615384614,3.3199999999999994,-6.606923076923076,-6.89,-11.02,-4.413076923076924,-0.28307692307692367,-4.13
SZC,2022-11-10,MKT-2022-09,True,70.9,1,11,True,9.0,-34.93,-10.95,-17.87,60.0,10,6.22909090909091,8.94,-5.02,-11.24909090909091,2.710909090909089,-13.959999999999999,-1.4981818181818178,1.29,-4.31,-2.8118181818181816,2.788181818181818,-5.6,-3.619090909090909,-10.47,-4.31,-0.6909090909090905,-6.8509090909090915,6.160000000000001,-3.1809090909090902,-10.47,-4.31,-1.1290909090909094,-7.289090909090911,6.160000000000001,-6.206363636363636,-12.65,-0.59,5.616363636363636,-6.443636363636364,12.06
SZC,2025-04-11,MKT-2025-04,True,90.1,3,13,False,,-26.56,-8.52,-17.73,60.0,10,2.9007692307692308,-10.67,,,-13.57076923076923,,-0.7507692307692305,-13.29,,,-12.539230769230768,,-1.7823076923076924,-10.4,,,-8.617692307692309,,-1.733846153846154,-10.4,,,-8.666153846153847,,-6.921538461538462,-21.29,,,-14.368461538461538,
SZC,2026-03-09,MKT-2026-03,True,72.5,2,12,False,,-23.29,-12.1,-12.72,60.0,10,-6.613333333333333,-2.99,,,3.623333333333333,,-27.194999999999997,-28.59,,,-1.3950000000000031,,-7.343333333333334,-18.16,,,-10.816666666666666,,-14.204166666666667,-20.11,,,-5.905833333333332,,-23.566666666666666,-20.34,,,3.2266666666666666,
SZC,2026-05-29,IDIO-2026Q2,False,78.4,1,11,False,,-17.63,-3.34,-14.53,60.0,10,-6.982727272727273,-1.76,,,5.2227272727272736,,-14.327272727272726,-11.07,,,3.257272727272726,,-6.632727272727274,-3.81,,,2.8227272727272736,,-8.616363636363634,-6.81,,,1.806363636363634,,-26.581818181818186,-26.54,,,0.04181818181818642,
DIG,2020-02-03,MKT-2020-01,True,77.8,1,11,True,7.0,-18.7,-6.39,-10.98,60.0,10,18.250909090909087,17.54,14.45,-3.8009090909090872,-0.7109090909090874,-3.09,13.414545454545454,18.67,9.6,-3.8145454545454545,5.255454545454548,-9.070000000000002,15.176363636363636,16.62,9.17,-6.006363636363636,1.4436363636363652,-7.450000000000001,19.075454545454548,26.95,9.17,-9.905454545454548,7.874545454545451,-17.78,-18.384545454545457,-15.0,-22.37,-3.9854545454545445,3.3845454545454565,-7.370000000000001
DIG,2020-03-23,MKT-2020-01,True,75.8,2,12,False,,-21.36,-26.72,7.14,60.0,10,-6.614166666666667,-8.93,,,-2.315833333333333,,-7.766666666666668,-16.34,,,-8.57333333333333,,-5.289166666666667,-4.35,,,0.9391666666666669,,-4.925,-16.34,,,-11.415,,-6.191666666666667,-7.44,,,-1.248333333333333,
DIG,2021-02-01,MKT-2021-01,True,74.4,1,11,True,8.0,-23.14,-13.29,-9.22,60.0,10,0.758181818181818,-1.71,3.63,2.871818181818182,-2.468181818181818,5.34,-9.949090909090911,-12.51,-13.26,-3.310909090909089,-2.560909090909089,-0.75,-9.949090909090911,-12.51,-13.26,-3.310909090909089,-2.560909090909089,-0.75,-9.121818181818183,-12.51,-13.26,-4.138181818181817,-3.388181818181817,-0.75,-5.431818181818181,-3.29,-6.76,-1.328181818181819,2.1418181818181807,-3.4699999999999998
DIG,2022-01-27,IDIO-2022Q1,False,73.6,4,15,True,9.0,-33.97,-3.78,-27.43,60.0,10,23.985333333333326,26.64,8.25,-15.735333333333326,2.6546666666666745,-18.39,-3.8286666666666664,-2.75,-13.23,-9.401333333333334,1.0786666666666664,-10.48,-5.0,-16.74,-10.45,-5.449999999999999,-11.739999999999998,6.289999999999999,-4.376666666666667,-16.74,-4.18,0.1966666666666672,-12.363333333333332,12.559999999999999,-37.03666666666666,-28.79,-46.21,-9.17333333333334,8.246666666666663,-17.42
DIG,2022-09-26,MKT-2022-09,True,73.0,2,20,False,,-20.45,-8.44,-7.55,60.0,10,-30.9135,-11.72,,,19.1935,,-36.665499999999994,-26.78,,,9.885499999999993,,-4.0874999999999995,-1.94,,,2.1474999999999995,,-2.8024999999999998,-2.1,,,0.7024999999999997,,-64.614,-70.14,,,-5.525999999999996,
DIG,2022-10-27,MKT-2022-09,True,85.0,4,25,True,22.0,-33.35,-9.2,-20.05,60.0,10,16.503999999999998,-27.25,6.73,-9.773999999999997,-43.754,33.980000000000004,-6.1096,-25.9,-19.72,-13.610399999999998,-19.790399999999998,6.18,-3.6483999999999996,-11.65,-19.72,-16.0716,-8.0016,-8.069999999999999,-3.6656,-11.43,-13.06,-9.394400000000001,-7.7644,-1.6300000000000008,-23.321199999999997,-53.91,-15.11,8.211199999999998,-30.5888,38.8
DIG,2025-04-10,MKT-2025-04,True,79.4,3,19,True,14.0,-24.23,-12.57,-10.38,60.0,10,3.0142105263157895,-7.28,13.02,10.00578947368421,-10.29421052631579,20.3,17.338947368421053,6.02,29.05,11.711052631578948,-11.318947368421053,23.03,12.773684210526316,-6.08,29.05,16.276315789473685,-18.853684210526318,35.13,12.921052631578947,-10.34,29.05,16.128947368421052,-23.26105263157895,39.39,-6.813157894736843,-11.1,-0.97,5.843157894736843,-4.2868421052631565,10.129999999999999
DIG,2026-03-10,MKT-2026-03,True,77.5,1,11,False,,-22.69,-10.83,-10.59,60.0,10,0.598181818181818,8.87,,,8.271818181818182,,-12.42727272727273,-8.4,,,4.027272727272729,,-12.42727272727273,-8.4,,,4.027272727272729,,-10.877272727272727,-8.4,,,2.4772727272727266,,-6.61,-0.75,,,5.86,
DIG,2026-07-28,MKT-2026-07,True,72.9,1,11,True,9.0,-21.21,-9.99,-11.79,60.0,10,1.4599999999999995,7.95,-3.92,-5.379999999999999,6.49,-11.870000000000001,,,,,,,-8.65909090909091,-5.55,-10.54,-1.880909090909089,3.1090909090909102,-4.989999999999999,-7.641818181818182,-5.55,-7.98,-0.3381818181818188,2.091818181818182,-2.4300000000000006,-12.368181818181819,-7.54,-16.09,-3.721818181818181,4.828181818181819,-8.55
NVL,2022-11-08,MKT-2022-09,True,73.6,4,14,False,,-31.72,-7.71,-27.19,60.0,10,-47.92285714285715,-63.68,,,-15.757142857142853,,-65.29857142857144,-75.5,,,-10.201428571428565,,-13.342857142857143,-11.63,,,1.7128571428571426,,-14.310000000000002,-11.63,,,2.6800000000000015,,-60.980714285714285,-72.87,,,-11.88928571428572,
NVL,2022-12-01,MKT-2022-09,True,76.3,3,16,False,,-61.02,-1.16,-60.35,60.0,10,-23.519375,-38.6,,,-15.080625000000001,,-37.949375,-52.38,,,-14.430625,,-9.846875,-18.23,,,-8.383125,,-9.506875,-10.54,,,-1.0331249999999983,,-44.741875,-56.96,,,-12.218125,
NVL,2023-02-15,MKT-2023-02,True,76.6,1,11,False,,-27.57,-6.17,-23.52,60.0,10,2.854545454545455,-2.78,,,-5.634545454545455,,13.889090909090909,17.72,,,3.83090909090909,,-1.6845454545454537,-4.56,,,-2.875454545454546,,1.0236363636363637,-7.62,,,-8.643636363636364,,-12.678181818181816,-12.62,,,0.05818181818181678,
NVL,2024-05-08,MKT-2024-04,True,76.2,1,11,True,9.0,-25.68,-2.05,-23.37,60.0,10,-0.8345454545454545,2.59,-2.69,-1.8554545454545455,3.4245454545454543,-5.279999999999999,-16.234545454545454,-17.39,-17.68,-1.4454545454545453,-1.1554545454545462,-0.28999999999999915,-6.629999999999999,-5.16,-5.24,1.3899999999999988,1.4699999999999989,-0.08000000000000007,-8.67090909090909,-10.56,-6.18,2.4909090909090903,-1.8890909090909105,4.380000000000001,-24.73818181818182,-23.99,-25.83,-1.09181818181818,0.7481818181818198,-1.8399999999999999
NVL,2025-04-03,MKT-2025-04,True,70.7,1,11,True,10.0,-14.08,-7.96,-5.3,60.0,10,24.818181818181817,30.81,19.94,-4.878181818181815,5.991818181818182,-10.869999999999997,46.39818181818182,46.04,44.34,-2.058181818181815,-0.35818181818181927,-1.6999999999999957,41.72545454545455,-5.36,44.34,2.614545454545457,-47.085454545454546,49.7,41.72545454545455,-5.36,44.34,2.614545454545457,-47.085454545454546,49.7,-3.372727272727272,-11.54,-0.22,3.152727272727272,-8.167272727272728,11.319999999999999
NVL,2026-09-30,IDIO-2026Q3,False,85.0,1,2,False,,-21.84,-4.56,-18.19,60.0,10,,,,,,,,,,,,,0.65,1.76,,,1.1099999999999999,,0.65,1.76,,,1.1099999999999999,,-4.015,-3.32,,,0.6949999999999998,
PDR,2022-11-29,MKT-2022-09,True,85.0,3,14,True,5.0,-69.37,0.0,-69.37,60.0,10,-7.078571428571429,-0.25,0.37,7.448571428571429,6.828571428571429,0.62,-23.767142857142854,-23.13,-20.59,3.1771428571428544,0.6371428571428552,2.539999999999999,-9.847142857142858,-10.94,-10.49,-0.6428571428571423,-1.0928571428571416,0.4499999999999993,-7.525714285714286,-6.94,-7.47,0.05571428571428605,0.5857142857142854,-0.5299999999999994,-35.379285714285714,-27.15,-33.71,1.6692857142857136,8.229285714285716,-6.560000000000002
PDR,2023-02-13,MKT-2023-02,True,71.0,1,11,False,,-23.99,-6.57,-18.51,60.0,10,11.549090909090909,7.68,,,-3.869090909090909,,22.88818181818182,25.11,,,2.221818181818179,,15.507272727272728,-3.09,,,-18.597272727272728,,6.028181818181818,-6.09,,,-12.118181818181817,,-8.93181818181818,-9.57,,,-0.6381818181818204,
PDR,2024-04-19,MKT-2024-04,True,75.3,3,13,False,,-20.46,-8.94,-8.3,60.0,10,-1.2430769230769232,-1.35,,,-0.1069230769230769,,-23.193076923076923,-23.11,,,0.08307692307692349,,-14.958461538461536,-16.2,,,-1.2415384615384628,,-14.228461538461538,-19.2,,,-4.9715384615384615,,-23.33153846153846,-15.19,,,8.141538461538461,
PDR,2026-07-28,MKT-2026-07,True,74.1,1,11,True,5.0,-22.3,-9.99,-13.32,60.0,10,-0.9381818181818182,2.6,-3.55,-2.6118181818181814,3.538181818181818,-6.15,,,,,,,-6.989090909090908,-7.12,-11.78,-4.790909090909091,-0.13090909090909175,-4.659999999999999,-8.647272727272728,-13.23,-8.01,0.6372727272727285,-4.582727272727272,5.220000000000001,-10.890909090909092,-8.26,-13.88,-2.9890909090909084,2.6309090909090926,-5.620000000000001
DXG,2019-05-06,IDIO-2019Q2,False,85.0,2,13,False,,-17.79,-3.97,-11.94,60.0,10,-1.4546153846153844,-6.23,,,-4.775384615384616,,-12.712307692307691,-10.57,,,2.142307692307691,,-9.753846153846153,-4.59,,,5.163846153846153,,-9.045384615384616,-5.73,,,3.315384615384616,,-17.103076923076923,-8.57,,,8.533076923076923,
DXG,2020-02-03,MKT-2020-01,True,85.0,3,13,True,7.0,-25.92,-6.39,-18.35,60.0,10,16.810769230769232,19.15,10.97,-5.840769230769231,2.339230769230767,-8.179999999999998,1.535384615384615,10.87,-3.52,-5.0553846153846145,9.334615384615384,-14.389999999999999,10.777692307692307,15.04,10.97,0.1923076923076934,4.262307692307692,-4.0699999999999985,3.463846153846153,25.51,-7.63,-11.093846153846153,22.04615384615385,-33.14,-40.62307692307692,-34.1,-43.67,-3.046923076923079,6.523076923076921,-9.57
DXG,2020-03-24,MKT-2020-01,True,70.3,1,11,False,,-31.32,-26.63,1.93,60.0,10,-2.7490909090909095,-21.83,,,-19.08090909090909,,9.908181818181818,-8.95,,,-18.85818181818182,,5.7254545454545465,-11.53,,,-17.255454545454548,,5.600909090909092,-12.9,,,-18.500909090909094,,-11.322727272727274,-26.38,,,-15.057272727272725,
DXG,2020-07-24,MKT-2020-06,True,71.8,2,12,True,11.0,-19.34,-5.44,-12.55,60.0,10,-1.8441666666666665,-4.89,-3.95,-2.105833333333334,-3.0458333333333334,0.9399999999999995,11.222499999999998,13.95,15.09,3.8675000000000015,2.727500000000001,1.1400000000000006,11.222499999999998,13.95,15.09,3.8675000000000015,2.727500000000001,1.1400000000000006,11.222499999999998,13.95,15.09,3.8675000000000015,2.727500000000001,1.1400000000000006,-4.480833333333333,-4.55,-7.91,-3.429166666666667,-0.06916666666666682,-3.3600000000000003
DXG,2022-11-16,MKT-2022-09,True,74.1,1,11,True,9.0,-43.03,-10.92,-25.38,60.0,10,18.29181818181818,42.25,7.03,-11.261818181818178,23.95818181818182,-35.22,-12.38,-0.2,-18.25,-5.869999999999999,12.180000000000001,-18.05,-9.777272727272727,-0.2,-13.0,-3.2227272727272727,9.577272727272728,-12.8,-7.852727272727273,-0.2,-9.87,-2.0172727272727267,7.652727272727272,-9.67,-12.996363636363638,-2.64,-22.25,-9.253636363636362,10.356363636363637,-19.61
DXG,2025-04-04,MKT-2025-04,True,85.9,2,13,True,12.0,-16.52,-9.4,-3.78,60.0,10,8.959999999999999,10.98,7.68,-1.2799999999999994,2.0200000000000014,-3.3000000000000007,27.27692307692308,25.74,24.85,-2.426923076923078,-1.536923076923081,-0.889999999999997,27.27692307692308,25.74,24.85,-2.426923076923078,-1.536923076923081,-0.889999999999997,27.27692307692308,25.74,24.85,-2.426923076923078,-1.536923076923081,-0.889999999999997,-4.043076923076923,-7.52,-1.72,2.323076923076923,-3.476923076923077,5.8
KDH,2020-03-13,MKT-2020-01,True,75.4,4,20,True,17.0,-14.96,-18.8,0.83,60.0,10,-1.133,-5.27,1.68,2.8129999999999997,-4.137,6.949999999999999,4.6290000000000004,-1.36,12.7,8.070999999999998,-5.989000000000001,14.059999999999999,4.354000000000001,4.2,12.7,8.345999999999998,-0.1540000000000008,8.5,3.6285,2.16,12.7,9.0715,-1.4684999999999997,10.54,-7.963499999999999,-17.02,0.0,7.963499999999999,-9.0565,17.02
KDH,2022-09-26,MKT-2022-09,True,80.0,4,22,False,,-22.8,-8.44,-14.81,60.0,10,-9.16,-15.27,,,-6.109999999999999,,5.865909090909091,-1.29,,,-7.155909090909091,,-4.0659090909090905,-1.35,,,2.7159090909090904,,-4.483636363636363,-4.35,,,0.13363636363636378,,-30.540000000000006,-39.63,,,-9.089999999999996,
KDH,2025-04-04,MKT-2025-04,True,86.9,4,14,False,,-15.67,-9.4,-6.77,60.0,10,-0.33999999999999997,1.37,,,1.71,,-5.752142857142857,-3.49,,,2.262142857142857,,-6.144285714285714,-8.98,,,-2.8357142857142863,,-5.685714285714286,-3.49,,,2.1957142857142857,,-5.1292857142857144,-7.08,,,-1.9507142857142856,
NLG,2020-03-24,MKT-2020-01,True,99.0,3,13,True,10.0,-29.55,-26.63,-1.95,60.0,10,-0.6823076923076924,-1.89,0.75,1.4323076923076923,-1.2076923076923074,2.6399999999999997,4.729230769230769,5.31,7.69,2.9607692307692313,0.5807692307692305,2.380000000000001,4.729230769230769,5.31,7.69,2.9607692307692313,0.5807692307692305,2.380000000000001,4.739230769230769,5.31,7.69,2.9507692307692315,0.5707692307692307,2.380000000000001,-5.013846153846154,-2.62,-6.12,-1.1061538461538465,2.3938461538461535,-3.5
NLG,2022-09-22,MKT-2022-09,True,85.0,2,13,False,,-18.84,-5.76,-11.43,60.0,10,-12.19923076923077,-11.37,,,0.8292307692307705,,14.864615384615384,2.41,,,-12.454615384615384,,-2.330769230769231,-2.46,,,-0.12923076923076904,,-3.541538461538462,-3.1,,,0.4415384615384621,,-44.49692307692308,-54.43,,,-9.933076923076918,
NLG,2025-04-09,MKT-2025-04,True,70.8,1,11,False,,-26.5,-18.11,-4.93,60.0,10,12.945454545454545,6.98,,,-5.965454545454545,,19.298181818181817,18.76,,,-0.5381818181818154,,16.988181818181815,18.76,,,1.7718181818181868,,11.810909090909092,18.76,,,6.949090909090909,,-7.621818181818181,-7.19,,,0.43181818181818077,
DCM,2020-03-12,MKT-2020-01,True,70.8,1,11,False,,-12.95,-18.0,2.43,60.0,10,19.720909090909092,18.32,,,-1.4009090909090922,,39.07363636363636,53.47,,,14.396363636363638,,35.900909090909096,53.47,,,17.569090909090903,,13.547272727272725,53.47,,,39.92272727272727,,-7.524545454545455,-0.29,,,7.234545454545455,
DCM,2025-04-04,MKT-2025-04,True,94.4,4,14,False,,-18.27,-9.4,-8.1,60.0,10,3.753571428571429,16.96,,,13.206428571428571,,-1.8807142857142856,11.75,,,13.630714285714285,,-1.8807142857142856,11.75,,,13.630714285714285,,-1.8807142857142856,11.75,,,13.630714285714285,,-4.119285714285714,-7.99,,,-3.8707142857142864,
DPM,2021-01-28,MKT-2021-01,True,77.4,4,14,True,10.0,-20.26,-14.26,-5.2,60.0,10,12.862142857142858,15.43,10.58,-2.2821428571428584,2.5678571428571413,-4.85,1.057857142857143,4.02,-3.19,-4.247857142857143,2.9621428571428563,-7.209999999999999,1.057857142857143,4.02,-3.19,-4.247857142857143,2.9621428571428563,-7.209999999999999,1.057857142857143,4.02,-3.19,-4.247857142857143,2.9621428571428563,-7.209999999999999,-2.9092857142857143,0.0,-4.51,-1.6007142857142855,2.9092857142857143,-4.51
DPM,2025-04-09,MKT-2025-04,True,81.3,2,12,False,,-23.69,-18.11,-4.54,60.0,10,-4.575833333333333,2.4,,,6.975833333333332,,0.6116666666666669,8.14,,,7.528333333333333,,0.6116666666666669,8.14,,,7.528333333333333,,0.5933333333333336,8.14,,,7.546666666666667,,-4.03,0.0,,,4.03,
CSV,2022-11-16,MKT-2022-09,True,73.1,1,11,True,8.0,-37.06,-10.92,-22.21,60.0,10,2.8836363636363633,18.72,-2.62,-5.503636363636364,15.836363636363636,-21.34,-8.36909090909091,3.03,-13.61,-5.24090909090909,11.399090909090908,-16.64,-6.820000000000001,3.03,-14.14,-7.319999999999999,9.850000000000001,-17.17,-6.763636363636365,3.03,-12.72,-5.956363636363636,9.793636363636365,-15.75,-7.170000000000001,-3.09,-12.99,-5.819999999999999,4.080000000000001,-9.9
CSV,2025-04-11,MKT-2025-04,True,85.8,1,11,True,8.0,-22.41,-8.52,-12.8,60.0,10,-1.5345454545454549,2.85,-3.14,-1.6054545454545452,4.384545454545455,-5.99,-8.291818181818185,-4.61,-13.32,-5.028181818181816,3.6818181818181843,-8.71,-7.8890909090909105,-4.61,-13.32,-5.43090909090909,3.27909090909091,-8.71,-7.5136363636363654,-7.93,-13.32,-5.806363636363635,-0.41636363636363427,-5.390000000000001,-6.26090909090909,-10.31,-1.08,5.18090909090909,-4.049090909090911,9.23
VHC,2020-02-03,MKT-2020-01,True,82.6,1,11,True,7.0,-20.16,-6.39,-14.1,60.0,10,-3.0063636363636372,7.06,-13.18,-10.173636363636362,10.066363636363636,-20.24,7.068181818181818,7.76,1.33,-5.738181818181818,0.6918181818181814,-6.43,-1.3072727272727271,-0.18,-10.45,-9.142727272727273,1.1272727272727272,-10.27,-2.161818181818182,1.59,-7.73,-5.568181818181818,3.751818181818182,-9.32,-40.37272727272727,-38.13,-45.67,-5.297272727272734,2.242727272727265,-7.539999999999999
VHC,2020-03-11,MKT-2020-01,True,85.8,3,13,False,,-24.86,-13.52,-9.74,60.0,10,10.076923076923077,2.67,,,-7.406923076923077,,35.533076923076926,34.64,,,-0.8930769230769258,,-1.3900000000000001,-7.21,,,-5.82,,2.2961538461538464,-7.21,,,-9.506153846153847,,-13.948461538461537,-22.7,,,-8.751538461538463,
VHC,2021-02-01,MKT-2021-01,True,74.2,2,12,True,11.0,-18.82,-13.29,-8.08,60.0,10,6.925,6.93,1.28,-5.645,0.004999999999999893,-5.6499999999999995,-10.156666666666665,-15.7,-6.91,3.2466666666666644,-5.543333333333335,8.79,-10.478333333333332,-15.7,-6.91,3.5683333333333316,-5.221666666666668,8.79,-11.766666666666667,-15.7,-12.93,-1.1633333333333322,-3.933333333333332,2.7699999999999996,-7.5075,-4.02,-9.75,-2.2424999999999997,3.4875000000000007,-5.73
VHC,2021-07-19,MKT-2021-07,True,70.3,1,11,True,5.0,-19.56,-12.45,-8.01,60.0,10,12.523636363636363,15.96,3.85,-8.673636363636364,3.4363636363636374,-12.110000000000001,40.87636363636364,42.99,33.64,-7.236363636363642,2.1136363636363598,-9.350000000000001,40.87636363636364,42.99,33.64,-7.236363636363642,2.1136363636363598,-9.350000000000001,40.87636363636364,42.99,33.64,-7.236363636363642,2.1136363636363598,-9.350000000000001,-2.64,-1.36,-5.03,-2.39,1.28,-3.67
VHC,2022-10-07,MKT-2022-09,True,70.1,1,11,False,,-26.94,-17.1,-4.65,60.0,10,10.74909090909091,19.0,,,8.25090909090909,,-6.115454545454546,7.9,,,14.015454545454546,,-3.0645454545454545,4.2,,,7.264545454545455,,-2.5354545454545456,-6.21,,,-3.6745454545454543,,-18.979090909090914,-9.19,,,9.789090909090914,
VHC,2025-04-10,MKT-2025-04,True,94.9,2,12,False,,-25.96,-12.57,-11.9,60.0,10,3.8733333333333335,-7.91,,,-11.783333333333333,,-3.5566666666666666,-10.29,,,-6.7333333333333325,,-5.1575,-14.96,,,-9.802500000000002,,-4.671666666666667,-10.31,,,-5.638333333333334,,-8.227500000000001,-17.15,,,-8.922499999999998,
ANV,2020-02-04,MKT-2020-01,True,88.6,1,11,True,6.0,-25.17,-6.29,-18.5,60.0,10,6.64,8.73,7.19,0.5500000000000007,2.0900000000000007,-1.54,16.900909090909092,22.21,17.62,0.7190909090909088,5.309090909090909,-4.59,0.6154545454545455,4.29,1.7,1.0845454545454545,3.674545454545455,-2.59,-0.6336363636363639,10.76,-3.76,-3.126363636363636,11.393636363636364,-14.52,-36.35636363636363,-31.24,-38.26,-1.903636363636366,5.116363636363634,-7.02
ANV,2020-07-27,MKT-2020-06,True,75.0,1,11,True,5.0,-16.28,-10.45,-4.92,60.0,10,4.004545454545454,3.2,2.02,-1.984545454545454,-0.8045454545454538,-1.1800000000000002,11.158181818181818,11.8,9.32,-1.838181818181818,0.6418181818181825,-2.4800000000000004,11.158181818181818,11.8,9.32,-1.838181818181818,0.6418181818181825,-2.4800000000000004,11.158181818181818,11.8,9.32,-1.838181818181818,0.6418181818181825,-2.4800000000000004,-1.4809090909090907,0.0,0.0,1.4809090909090907,1.4809090909090907,0.0
ANV,2021-01-29,MKT-2021-01,True,71.6,3,13,True,9.0,-26.99,-11.52,-15.31,60.0,10,11.331538461538461,16.76,11.24,-0.09153846153846068,5.428461538461541,-5.520000000000001,3.838461538461538,2.09,8.56,4.721538461538462,-1.7484615384615383,6.470000000000001,3.838461538461538,2.09,8.56,4.721538461538462,-1.7484615384615383,6.470000000000001,3.838461538461538,2.09,8.56,4.721538461538462,-1.7484615384615383,6.470000000000001,-4.316923076923077,-2.51,-2.48,1.8369230769230769,1.806923076923077,0.029999999999999805
ANV,2022-11-08,MKT-2022-09,True,74.7,3,17,True,15.0,-33.9,-7.71,-22.03,60.0,10,15.474705882352938,-3.77,9.68,-5.794705882352938,-19.24470588235294,13.45,57.160000000000004,29.25,41.88,-15.280000000000001,-27.910000000000004,12.630000000000003,43.49588235294117,-8.3,41.88,-1.6158823529411706,-51.79588235294118,50.18000000000001,41.222941176470584,-8.3,41.88,0.6570588235294181,-49.52294117647058,50.18000000000001,-9.352352941176472,-35.6,-4.0,5.352352941176472,-26.24764705882353,31.6
ANV,2023-10-27,MKT-2023-09,True,72.9,2,12,True,8.0,-27.35,-8.19,-16.74,60.0,10,5.4608333333333325,0.41,5.57,0.10916666666666774,-5.050833333333332,5.16,-5.511666666666667,-8.88,-5.23,0.2816666666666663,-3.368333333333334,3.6500000000000004,-5.698333333333333,-11.12,-5.23,0.4683333333333328,-5.421666666666666,5.889999999999999,-5.698333333333333,-11.12,-5.23,0.4683333333333328,-5.421666666666666,5.889999999999999,-3.479166666666666,-13.26,-3.89,-0.41083333333333405,-9.780833333333334,9.37
ANV,2025-04-04,MKT-2025-04,True,79.7,3,13,False,,-18.06,-9.4,-6.22,60.0,10,-7.12,3.4,,,10.52,,32.33461538461539,56.69,,,24.355384615384608,,32.33461538461539,56.69,,,24.355384615384608,,15.29384615384615,56.69,,,41.39615384615385,,-5.93923076923077,-6.83,,,-0.8907692307692301,
FMC,2020-03-12,MKT-2020-01,True,92.8,8,24,True,18.0,-21.24,-18.0,-5.11,60.0,10,13.582083333333335,1.33,7.62,-5.962083333333335,-12.252083333333335,6.29,31.943749999999998,32.37,15.37,-16.573749999999997,0.4262499999999996,-17.0,15.962083333333334,3.41,15.37,-0.5920833333333348,-12.552083333333334,11.959999999999999,15.589999999999998,1.31,15.37,-0.21999999999999886,-14.279999999999998,14.059999999999999,-10.489583333333334,-19.97,-6.67,3.819583333333334,-9.480416666666665,13.299999999999999
FMC,2022-10-13,MKT-2022-09,True,71.0,1,11,True,4.0,-23.65,-14.83,-6.35,60.0,10,-6.770909090909089,-0.04,-14.67,-7.899090909090911,6.730909090909089,-14.63,-8.508181818181816,-8.67,-10.36,-1.8518181818181834,-0.16181818181818386,-1.6899999999999995,-2.4054545454545457,-3.88,-6.81,-4.404545454545454,-1.4745454545454542,-2.9299999999999997,-0.5627272727272729,0.44,-0.29,0.2727272727272729,1.002727272727273,-0.73,-24.364545454545453,-27.42,-29.21,-4.8454545454545475,-3.0554545454545483,-1.7899999999999991
FMC,2022-11-16,MKT-2022-09,True,83.6,1,11,True,8.0,-24.92,-10.92,-13.54,60.0,10,-1.6245454545454543,0.24,-5.02,-3.3954545454545455,1.8645454545454543,-5.26,4.760000000000001,6.42,4.1,-0.660000000000001,1.6599999999999993,-2.3200000000000003,4.760000000000001,6.42,4.1,-0.660000000000001,1.6599999999999993,-2.3200000000000003,3.597272727272727,6.42,4.1,0.5027272727272725,2.8227272727272728,-2.3200000000000003,-4.6863636363636365,-3.25,-7.96,-3.2736363636363635,1.4363636363636365,-4.71
FMC,2025-04-08,MKT-2025-04,True,97.2,8,20,True,12.0,-22.63,-15.23,-8.1,60.0,10,-1.2304999999999997,-12.39,2.15,3.3804999999999996,-11.159500000000001,14.540000000000001,-9.191500000000001,-16.45,-10.13,-0.9384999999999994,-7.258499999999998,6.3199999999999985,-8.919,-17.15,-10.13,-1.2110000000000003,-8.230999999999998,7.019999999999998,-9.21,-20.77,-10.13,-0.9199999999999999,-11.559999999999999,10.639999999999999,-6.1235,-8.2,-2.23,3.8935,-2.0764999999999993,5.969999999999999
GIL,2020-03-11,MKT-2020-01,True,85.9,4,14,True,10.0,-23.35,-13.52,-10.71,60.0,10,-1.0814285714285716,-0.59,1.42,2.501428571428572,0.49142857142857166,2.01,-0.07500000000000005,11.41,-9.96,-9.885000000000002,11.485,-21.37,-0.4414285714285719,-2.39,-8.52,-8.078571428571427,-1.9485714285714282,-6.129999999999999,0.9328571428571427,-4.37,-4.48,-5.412857142857143,-5.3028571428571425,-0.11000000000000032,-8.061428571428571,-11.76,-12.68,-4.618571428571428,-3.6985714285714284,-0.9199999999999999
GIL,2021-05-21,IDIO-2021Q2,False,80.3,1,11,False,,-27.13,0.0,-27.13,60.0,10,0.5745454545454547,-3.38,,,-3.9545454545454546,,24.077272727272728,18.58,,,-5.49727272727273,,8.462727272727273,-7.81,,,-16.272727272727273,,8.126363636363637,-11.6,,,-19.726363636363637,,-9.339090909090912,-12.45,,,-3.1109090909090877,
GIL,2022-05-09,MKT-2022-04,True,72.3,4,16,True,11.0,-24.89,-15.49,-9.96,60.0,10,-3.8206249999999997,9.38,-16.74,-12.919374999999999,13.200625,-26.119999999999997,-15.513125,-15.83,-11.22,4.293125,-0.3168749999999996,4.609999999999999,-6.324375,-0.48,-6.39,-0.06562499999999982,5.844374999999999,-5.91,-4.444375,-2.64,-3.07,1.3743750000000001,1.8043749999999998,-0.4299999999999997,-29.559375,-31.25,-26.71,2.8493749999999984,-1.6906250000000007,4.539999999999999
GIL,2022-11-14,MKT-2022-09,True,78.5,1,11,True,6.0,-50.63,-11.53,-33.73,60.0,10,-0.4299999999999981,53.86,-1.45,-1.0200000000000018,54.29,-55.31,-20.504545454545454,0.61,-21.49,-0.9854545454545445,21.114545454545453,-22.099999999999998,-17.356363636363636,0.61,-26.28,-8.923636363636366,17.966363636363635,-26.89,-15.766363636363637,0.61,-13.92,1.8463636363636375,16.37636363636364,-14.53,-19.50090909090909,0.0,-17.61,1.8909090909090907,19.50090909090909,-17.61
GIL,2025-04-11,MKT-2025-04,True,77.8,1,11,False,,-21.67,-8.52,-12.73,60.0,10,3.706363636363635,9.55,,,5.8436363636363655,,8.02909090909091,15.55,,,7.520909090909091,,8.02909090909091,15.55,,,7.520909090909091,,7.774545454545454,15.55,,,7.775454545454546,,-3.704545454545455,-6.34,,,-2.635454545454545,
GIL,2026-07-15,MKT-2026-07,True,90.4,5,16,True,14.0,-26.27,-5.11,-22.5,60.0,10,8.40625,-2.68,-2.95,-11.35625,-11.08625,-0.27,,,,,,,3.9875,-14.32,4.93,0.9424999999999999,-18.3075,19.25,5.079375000000001,-14.32,4.93,-0.14937500000000092,-19.399375,19.25,-7.76125,-26.83,-2.5,5.26125,-19.068749999999998,24.33
TNG,2020-03-24,MKT-2020-01,True,90.4,5,16,True,10.0,-35.85,-26.63,-4.89,60.0,10,13.61625,25.04,-8.62,-22.23625,11.423749999999998,-33.66,5.7725,21.12,-10.33,-16.1025,15.3475,-31.450000000000003,2.374375,-3.7,-10.33,-12.704375,-6.074375,-6.63,0.9493750000000007,-6.7,-10.33,-11.279375000000002,-7.649375000000001,-3.63,-9.681875,-16.1,-6.69,2.9918749999999994,-6.418125000000002,9.41
TNG,2022-10-11,MKT-2022-09,True,71.9,3,13,True,4.0,-37.02,-19.22,-3.94,60.0,10,-10.443076923076925,2.82,-16.56,-6.116923076923074,13.263076923076925,-19.38,-10.417692307692308,-3.47,-9.16,1.2576923076923077,6.947692307692307,-5.6899999999999995,-6.563846153846153,-9.71,-2.04,4.523846153846153,-3.1461538461538474,7.670000000000001,-2.826923076923077,-3.82,5.02,7.846923076923076,-0.9930769230769227,8.84,-44.63769230769231,-37.87,-47.28,-2.642307692307689,6.767692307692315,-9.410000000000004
TNG,2025-04-04,MKT-2025-04,True,97.0,9,22,True,11.0,-21.41,-9.4,-9.73,60.0,10,5.844545454545454,-0.09,23.92,18.075454545454548,-5.934545454545454,24.01,7.124545454545455,12.14,25.57,18.445454545454545,5.015454545454546,13.43,4.198636363636364,-6.89,25.57,21.371363636363636,-11.088636363636365,32.46,2.3581818181818184,-7.49,25.57,23.21181818181818,-9.848181818181818,33.06,-6.24727272727273,-18.49,0.0,6.24727272727273,-12.242727272727269,18.49
MSH,2020-03-09,MKT-2020-01,True,93.4,11,30,True,22.0,-14.69,-10.95,-5.1,60.0,10,5.207,-20.47,17.37,12.163,-25.677,37.84,-1.5736666666666665,-5.24,-1.55,0.023666666666666503,-3.6663333333333337,3.6900000000000004,-2.0676666666666668,0.6,-1.55,0.5176666666666667,2.667666666666667,-2.15,-1.6686666666666665,-2.4,-1.55,0.11866666666666648,-0.7313333333333334,0.8499999999999999,-14.784666666666665,-34.61,0.0,14.784666666666665,-19.825333333333333,34.61
MSH,2020-07-20,MKT-2020-06,True,82.6,2,16,True,10.0,-16.15,-1.76,-14.14,60.0,10,3.2193750000000003,5.11,-0.89,-4.109375,1.890625,-6.0,6.3475,12.57,-2.94,-9.2875,6.2225,-15.51,3.48,-0.41,-2.94,-6.42,-3.89,-2.53,3.435625,-0.8,-2.94,-6.375624999999999,-4.235625,-2.1399999999999997,-3.8024999999999998,-11.44,-0.86,2.9425,-7.637499999999999,10.58
MSH,2022-05-10,MKT-2022-04,True,80.0,3,13,False,,-28.47,-12.72,-18.74,60.0,10,19.572307692307696,22.15,,,2.5776923076923026,,-4.5284615384615385,-6.9,,,-2.371538461538462,,-3.753076923076923,-1.58,,,2.173076923076923,,-3.1107692307692307,-1.35,,,1.7607692307692306,,-9.814615384615383,-13.9,,,-4.085384615384617,
MSH,2025-04-11,MKT-2025-04,True,95.7,6,16,True,8.0,-24.67,-8.52,-16.79,60.0,10,17.886874999999996,1.14,30.86,12.973125000000003,-16.746874999999996,29.72,11.855,3.25,13.98,2.125,-8.605,10.73,9.609375,-14.55,13.98,4.370625,-24.159375,28.53,8.14125,-14.55,13.98,5.838750000000001,-22.69125,28.53,-4.8575,-19.69,0.0,4.8575,-14.832500000000001,19.69
STK,2022-05-13,MKT-2022-04,True,77.9,2,12,True,7.0,-27.54,-19.66,-11.81,60.0,10,-1.2358333333333333,0.91,-4.95,-3.714166666666667,2.1458333333333335,-5.86,-2.5383333333333336,7.33,-10.05,-7.511666666666667,9.868333333333334,-17.380000000000003,-6.823333333333333,-7.28,-10.59,-3.7666666666666666,-0.456666666666667,-3.3099999999999996,-5.8933333333333335,-7.28,-11.52,-5.626666666666666,-1.3866666666666667,-4.239999999999999,-13.399999999999999,-9.64,-18.45,-5.050000000000001,3.759999999999998,-8.809999999999999
STK,2022-10-27,MKT-2022-09,True,82.2,2,12,False,,-35.99,-9.2,-28.57,60.0,10,-4.21,-3.66,,,0.5499999999999998,,6.353333333333333,7.86,,,1.5066666666666677,,-1.6499999999999997,-3.02,,,-1.3700000000000003,,-2.4075,-6.97,,,-4.5625,,-10.08,-14.68,,,-4.6,
STK,2024-07-26,MKT-2024-08,True,72.7,4,19,True,15.0,-22.08,-3.99,-18.37,60.0,10,-2.785263157894737,-10.39,-6.47,-3.684736842105263,-7.604736842105264,3.920000000000001,-2.864736842105263,-9.54,-5.18,-2.3152631578947367,-6.675263157894737,4.359999999999999,-3.3184210526315794,-8.11,-5.18,-1.8615789473684203,-4.79157894736842,2.9299999999999997,-4.957894736842106,-8.28,-9.73,-4.772105263157894,-3.3221052631578933,-1.450000000000001,-8.760526315789471,-18.27,-11.73,-2.969473684210529,-9.509473684210528,6.539999999999999
STK,2025-04-11,MKT-2025-04,True,70.0,1,11,True,8.0,-18.86,-8.52,-10.04,60.0,10,9.008181818181818,9.51,12.04,3.0318181818181813,0.5018181818181819,2.5299999999999994,0.13636363636363621,6.25,-4.58,-4.716363636363636,6.113636363636364,-10.83,0.13636363636363621,6.25,-4.58,-4.716363636363636,6.113636363636364,-10.83,0.13636363636363621,6.25,-4.58,-4.716363636363636,6.113636363636364,-10.83,-3.4436363636363634,-5.77,0.0,3.4436363636363634,-2.326363636363636,5.77
VTP,2020-03-13,MKT-2020-01,True,75.9,4,17,True,12.0,-17.84,-18.8,-4.44,60.0,10,8.609411764705882,4.64,4.61,-3.999411764705882,-3.9694117647058826,-0.02999999999999936,14.638235294117647,20.21,6.07,-8.568235294117647,5.571764705882353,-14.14,6.766470588235294,-3.38,6.07,-0.696470588235294,-10.146470588235294,9.45,7.424117647058824,0.62,6.07,-1.3541176470588239,-6.804117647058824,5.45,-8.876470588235295,-21.91,-0.21,8.666470588235294,-13.033529411764706,21.7
VTP,2024-04-19,MKT-2024-04,True,72.2,3,13,True,7.0,-24.68,-8.94,-13.29,60.0,10,-2.778461538461539,3.75,-6.55,-3.771538461538461,6.5284615384615385,-10.3,-3.3015384615384615,4.32,-4.63,-1.3284615384615384,7.621538461538462,-8.95,-4.29,4.32,-13.27,-8.98,8.61,-17.59,-4.406923076923077,4.32,-8.54,-4.133076923076922,8.726923076923077,-12.86,-8.672307692307694,-2.83,-12.21,-3.537692307692307,5.842307692307694,-9.38
VTP,2025-04-10,MKT-2025-04,True,85.2,6,19,True,14.0,-28.53,-12.57,-18.1,60.0,10,-2.6063157894736846,7.11,-10.69,-8.083684210526314,9.716315789473684,-17.8,-7.093684210526316,3.07,-16.03,-8.936315789473685,10.163684210526316,-19.1,-10.08421052631579,-7.2,-16.03,-5.945789473684211,2.8842105263157896,-8.830000000000002,-9.015789473684212,-8.79,-16.03,-7.0142105263157895,0.22578947368421254,-7.240000000000002,-7.630000000000002,-8.99,-5.12,2.5100000000000016,-1.3599999999999985,3.87
HAH,2022-09-27,MKT-2022-09,True,72.8,3,19,True,17.0,-32.52,-8.9,-20.77,60.0,10,-14.590000000000002,-8.16,-26.8,-12.209999999999999,6.4300000000000015,-18.64,-16.672105263157892,-13.5,-22.82,-6.147894736842108,3.172105263157892,-9.32,-4.356842105263158,-4.61,-7.06,-2.703157894736842,-0.2531578947368427,-2.4499999999999993,-1.87,-4.99,-7.06,-5.1899999999999995,-3.12,-2.0699999999999994,-46.03684210526315,-49.89,-47.42,-1.3831578947368541,-3.853157894736853,2.469999999999999
GMD,2020-01-31,MKT-2020-01,True,73.7,1,11,False,,-18.68,-5.53,-11.78,60.0,10,5.456363636363636,6.01,,,0.5536363636363637,,13.975454545454545,17.68,,,3.704545454545455,,2.5054545454545454,6.03,,,3.524545454545455,,2.7618181818181817,2.76,,,-0.001818181818181941,,-26.521818181818183,-24.63,,,1.8918181818181843,
GMD,2020-03-13,MKT-2020-01,True,81.8,2,17,True,15.0,-22.8,-18.8,-2.12,60.0,10,1.6476470588235295,5.36,3.86,2.21235294117647,3.712352941176471,-1.5000000000000004,0.9323529411764707,8.5,1.2,0.26764705882352924,7.567647058823529,-7.3,0.77,8.93,1.2,0.42999999999999994,8.16,-7.7299999999999995,0.6947058823529413,5.89,1.2,0.5052941176470587,5.195294117647059,-4.6899999999999995,-8.411764705882353,-9.94,-6.07,2.341764705882353,-1.5282352941176462,3.869999999999999
GMD,2020-07-27,MKT-2020-06,True,73.7,1,11,True,6.0,-12.14,-10.45,-1.34,60.0,10,13.808181818181817,21.1,12.94,-0.8681818181818173,7.291818181818185,-8.160000000000002,12.760909090909092,21.63,9.16,-3.6009090909090915,8.869090909090907,-12.469999999999999,12.760909090909092,21.63,9.16,-3.6009090909090915,8.869090909090907,-12.469999999999999,12.760909090909092,21.63,9.16,-3.6009090909090915,8.869090909090907,-12.469999999999999,-0.8218181818181819,-0.25,-1.27,-0.4481818181818181,0.5718181818181819,-1.02
GMD,2021-02-01,MKT-2021-01,True,74.0,2,12,True,7.0,-23.66,-13.29,-8.48,60.0,10,1.0583333333333333,3.62,-3.69,-4.748333333333333,2.5616666666666665,-7.3100000000000005,6.298333333333335,3.73,5.2,-1.0983333333333345,-2.5683333333333347,1.4700000000000002,6.298333333333335,3.73,5.2,-1.0983333333333345,-2.5683333333333347,1.4700000000000002,6.298333333333335,3.73,5.2,-1.0983333333333345,-2.5683333333333347,1.4700000000000002,-4.465833333333333,-4.27,-6.06,-1.5941666666666663,0.19583333333333375,-1.79
GMD,2025-04-08,MKT-2025-04,True,98.5,8,18,True,12.0,-25.9,-15.23,-10.34,60.0,10,7.939444444444446,7.76,13.45,5.510555555555554,-0.17944444444444585,5.6899999999999995,1.8249999999999997,11.87,-3.93,-5.755,10.045,-15.799999999999999,1.8249999999999997,11.87,-3.93,-5.755,10.045,-15.799999999999999,0.7038888888888888,11.87,-3.93,-4.6338888888888885,11.16611111111111,-15.799999999999999,-3.934999999999999,0.0,-0.22,3.714999999999999,3.934999999999999,-0.22
PVT,2020-02-03,MKT-2020-01,True,90.4,3,13,False,,-22.18,-6.39,-17.11,60.0,10,-10.746923076923075,-5.42,,,5.326923076923075,,-11.844615384615386,-12.49,,,-0.6453846153846143,,-6.225384615384614,-2.94,,,3.2853846153846145,,-5.256153846153846,-6.31,,,-1.0538461538461537,,-45.558461538461536,-45.03,,,0.528461538461535,
PVT,2020-03-11,MKT-2020-01,True,90.6,11,22,True,14.0,-23.49,-13.52,-10.74,60.0,10,7.090454545454545,-3.9,6.23,-0.8604545454545445,-10.990454545454545,10.13,5.551818181818182,4.1,7.85,2.298181818181818,-1.4518181818181821,3.75,2.8318181818181816,-4.52,7.85,5.018181818181818,-7.351818181818182,12.37,2.1036363636363635,-4.52,7.85,5.746363636363636,-6.623636363636363,12.37,-8.993636363636364,-25.36,-0.77,8.223636363636365,-16.366363636363637,24.59
PVT,2020-07-27,MKT-2020-06,True,73.9,1,11,True,7.0,-15.69,-10.45,-3.56,60.0,10,8.404545454545456,8.27,6.96,-1.4445454545454561,-0.13454545454545652,-1.3099999999999996,21.070909090909087,29.88,17.46,-3.610909090909086,8.809090909090912,-12.419999999999998,21.070909090909087,29.88,17.46,-3.610909090909086,8.809090909090912,-12.419999999999998,21.070909090909087,29.88,17.46,-3.610909090909086,8.809090909090912,-12.419999999999998,-1.3663636363636362,-0.22,-1.38,-0.013636363636363669,1.1463636363636363,-1.16
PVT,2025-04-04,MKT-2025-04,True,97.6,5,15,False,,-17.63,-9.4,-7.7,60.0,10,-2.672,1.54,,,4.212,,-7.358,-1.11,,,6.247999999999999,,-7.358,-1.11,,,6.247999999999999,,-6.906,-1.11,,,5.795999999999999,,-3.9973333333333327,-6.97,,,-2.972666666666667,
