symbol,start_date,cluster,is_market,panic_max,n_trigger,window_days,has_confirm,confirm_offset,stock_dd20,market_dd20,idio_dd20,conf_thr,post_window,win_alpha_adj_t20,first_alpha_adj_t20,conf_alpha_adj_t20,d_conf_win_alpha_adj_t20,d_first_win_alpha_adj_t20,d_conf_first_alpha_adj_t20,win_alpha_adj_t60,first_alpha_adj_t60,conf_alpha_adj_t60,d_conf_win_alpha_adj_t60,d_first_win_alpha_adj_t60,d_conf_first_alpha_adj_t60,win_alpha_adj_struct,first_alpha_adj_struct,conf_alpha_adj_struct,d_conf_win_alpha_adj_struct,d_first_win_alpha_adj_struct,d_conf_first_alpha_adj_struct,win_alpha_adj_fixed8,first_alpha_adj_fixed8,conf_alpha_adj_fixed8,d_conf_win_alpha_adj_fixed8,d_first_win_alpha_adj_fixed8,d_conf_first_alpha_adj_fixed8,win_mae_pct,first_mae_pct,conf_mae_pct,d_conf_win_mae_pct,d_first_win_mae_pct,d_conf_first_mae_pct,fold
HPG,2022-11-01,MKT-2022-09,True,83.5,2,23,True,13.0,-23.12,-6.39,-15.98,40.0,15,23.674782608695647,21.07,23.25,-0.4247826086956472,-2.604782608695647,2.1799999999999997,35.303043478260875,37.34,28.27,-7.0330434782608755,2.0369565217391283,-9.070000000000004,22.293478260869566,1.31,28.27,5.976521739130433,-20.983478260869568,26.96,22.212608695652175,-1.69,-4.8,-27.012608695652176,-23.902608695652177,-3.11,-7.785217391304348,-21.3,-10.51,-2.7247826086956515,-13.514782608695652,10.790000000000001,2022
SSI,2022-04-28,MKT-2022-04,True,78.4,4,22,True,14.0,-25.55,-11.39,-9.37,40.0,15,-11.85227272727273,-5.73,-25.85,-13.997727272727271,6.12227272727273,-20.12,-5.762272727272728,-16.0,-6.69,-0.9277272727272727,-10.237727272727273,9.309999999999999,-7.85318181818182,-10.83,-10.33,-2.47681818181818,-2.97681818181818,0.5,-6.081818181818181,-9.43,-6.0,0.08181818181818112,-3.3481818181818186,3.4299999999999997,-37.179545454545455,-46.1,-36.64,0.5395454545454541,-8.920454545454547,9.46,2022
MWG,2022-11-04,MKT-2022-09,True,74.2,3,24,True,13.0,-23.12,-6.25,-15.37,40.0,15,0.8083333333333332,-9.52,7.51,6.701666666666666,-10.328333333333333,17.03,-8.75,-10.19,-6.09,2.66,-1.4399999999999995,4.1,-6.7,0.32,-6.09,0.6100000000000003,7.0200000000000005,-6.41,-4.659583333333334,-2.61,-6.09,-1.430416666666666,2.049583333333334,-3.48,-12.104999999999999,-23.38,-6.87,5.2349999999999985,-11.275,16.509999999999998,2022
TCB,2022-10-07,MKT-2022-09,True,96.6,4,19,True,8.0,-27.32,-17.1,-7.58,40.0,15,2.243684210526316,-2.92,1.12,-1.1236842105263158,-5.163684210526316,4.04,10.72578947368421,3.62,10.32,-0.4057894736842105,-7.105789473684211,6.7,-1.1326315789473689,-8.75,-1.13,0.0026315789473689843,-7.617368421052631,7.62,-3.3684210526315788,-9.71,-0.41,2.9584210526315786,-6.341578947368422,9.3,-20.70263157894737,-25.21,-23.08,-2.37736842105263,-4.507368421052632,2.1300000000000026,2022
PVD,2022-11-16,MKT-2022-09,True,74.0,1,16,True,7.0,-36.6,-10.92,-20.88,40.0,15,18.6725,14.64,28.58,9.907499999999999,-4.032499999999999,13.939999999999998,42.08375,46.03,49.49,7.40625,3.946249999999999,3.460000000000001,42.08375,46.03,49.49,7.40625,3.946249999999999,3.460000000000001,39.061875,46.03,49.49,10.428125000000001,6.968125000000001,3.460000000000001,-4.68375,-7.03,-0.75,3.93375,-2.3462500000000004,6.28,2022
DGC,2022-11-16,MKT-2022-09,True,85.0,2,18,True,9.0,-27.97,-10.92,-12.28,40.0,15,5.783333333333334,-0.82,8.15,2.3666666666666663,-6.603333333333334,8.97,-11.535555555555554,-22.88,-9.13,2.4055555555555532,-11.344444444444445,13.749999999999998,-9.287222222222223,-13.17,-9.77,-0.48277777777777686,-3.882777777777777,3.4000000000000004,-4.422222222222222,-9.17,-10.24,-5.817777777777779,-4.747777777777778,-1.0700000000000003,-13.252777777777778,-19.16,-13.4,-0.14722222222222214,-5.907222222222222,5.76,2022
VND,2022-05-13,MKT-2022-04,True,72.3,2,17,True,11.0,-36.47,-19.66,-8.11,40.0,15,-18.41235294117647,-3.1,-19.11,-0.6976470588235308,15.312352941176469,-16.009999999999998,-8.805294117647058,-7.54,-7.05,1.7552941176470584,1.2652941176470582,0.4900000000000002,-8.624117647058824,-9.74,-7.64,0.9841176470588247,-1.1158823529411759,2.1000000000000005,-7.818235294117647,-9.74,-8.3,-0.48176470588235354,-1.921764705882353,1.4399999999999995,-38.314705882352946,-34.09,-40.58,-2.265294117647052,4.224705882352943,-6.489999999999995,2022
VND,2022-06-15,MKT-2022-04,True,85.0,5,20,True,10.0,-23.56,-7.19,-13.25,40.0,15,8.8445,2.02,2.51,-6.3345,-6.8245000000000005,0.48999999999999977,2.8515000000000006,-1.87,-1.13,-3.9815000000000005,-4.721500000000001,0.7400000000000002,1.6480000000000004,-7.05,-1.13,-2.7780000000000005,-8.698,5.92,-0.23200000000000004,-7.05,-1.13,-0.8979999999999999,-6.818,5.92,-10.266499999999999,-25.55,-10.21,0.056499999999997996,-15.283500000000002,15.34,2022
VND,2022-10-25,MKT-2022-09,True,85.0,1,16,True,6.0,-35.72,-12.76,-17.35,40.0,15,20.00375,-0.75,7.42,-12.58375,-20.75375,8.17,25.203125,29.06,19.4,-5.803125000000001,3.8568749999999987,-9.66,-0.8374999999999995,-9.15,-11.82,-10.982500000000002,-8.3125,-2.67,6.1343749999999995,-4.33,-2.62,-8.754375,-10.464375,1.71,-14.825625000000002,-21.34,-22.01,-7.184374999999999,-6.514374999999998,-0.6700000000000017,2022
HSG,2022-05-04,MKT-2022-04,True,80.5,3,18,True,12.0,-26.72,-11.54,-12.45,40.0,15,-15.56777777777778,-11.15,-25.91,-10.34222222222222,4.417777777777779,-14.76,-8.841111111111111,-21.5,-3.47,5.3711111111111105,-12.658888888888889,18.03,-6.508333333333335,3.36,-10.46,-3.951666666666666,9.868333333333334,-13.82,-6.257777777777778,0.36,-10.07,-3.812222222222222,6.617777777777778,-10.43,-37.85833333333333,-47.62,-36.53,1.328333333333326,-9.76166666666667,11.089999999999996,2022
NKG,2022-11-18,MKT-2022-09,True,74.6,1,16,True,4.0,-41.99,-6.23,-32.67,40.0,15,18.595625,44.12,20.61,2.014375000000001,25.524375,-23.509999999999998,38.3575,50.51,39.51,1.1524999999999963,12.152499999999996,-11.0,29.83625,50.51,39.51,9.673749999999998,20.67375,-11.0,27.854374999999997,50.51,39.51,11.655625,22.655625,-11.0,-7.21875,-7.88,-1.49,5.72875,-0.6612499999999999,6.39,2022
MSN,2022-10-11,MKT-2022-09,True,77.3,2,17,True,5.0,-29.57,-19.22,-8.51,40.0,15,21.717058823529413,9.11,22.56,0.8429411764705854,-12.607058823529414,13.45,16.825294117647058,16.82,13.97,-2.855294117647057,-0.005294117647057561,-2.8499999999999996,6.604705882352941,-8.74,-4.0,-10.604705882352942,-15.34470588235294,4.74,6.878235294117648,-9.49,-3.41,-10.288235294117648,-16.368235294117646,6.08,-9.18235294117647,-15.11,-16.24,-7.0576470588235285,-5.9276470588235295,-1.129999999999999,2022
POW,2022-10-11,MKT-2022-09,True,70.7,2,17,True,4.0,-29.06,-19.22,-4.68,40.0,15,8.134117647058826,7.99,2.82,-5.314117647058826,-0.14411764705882568,-5.17,8.424117647058823,7.83,4.26,-4.1641176470588235,-0.5941176470588232,-3.5700000000000003,-2.8147058823529414,-2.48,-2.68,0.13470588235294123,0.3347058823529414,-0.20000000000000018,-1.5911764705882352,-5.54,-2.63,-1.0388235294117647,-3.948823529411765,2.91,-15.17705882352941,-13.51,-21.2,-6.022941176470589,1.6670588235294108,-7.6899999999999995,2022
CTG,2022-10-07,MKT-2022-09,True,72.9,1,16,True,3.0,-27.44,-17.1,-5.27,40.0,15,19.07,24.13,18.12,-0.9499999999999993,5.059999999999999,-6.009999999999998,27.244999999999997,38.99,32.28,5.035000000000004,11.745000000000005,-6.710000000000001,27.244999999999997,38.99,32.28,5.035000000000004,11.745000000000005,-6.710000000000001,16.921875,38.99,32.28,15.358125000000001,22.068125000000002,-6.710000000000001,-5.9825,-1.01,-2.33,3.6525,4.9725,-1.32,2022
MBB,2022-06-17,MKT-2022-04,True,77.5,1,16,True,7.0,-17.13,-6.93,-9.11,40.0,15,5.098125,13.0,3.0,-2.0981249999999996,7.901875,-10.0,3.91875,13.31,3.06,-0.8587500000000001,9.39125,-10.25,4.158125,13.31,3.06,-1.098125,9.151875,-10.25,3.959375,13.31,3.06,-0.899375,9.350625,-10.25,-4.4375,-6.18,-4.5,-0.0625,-1.7424999999999997,1.6799999999999997,2022
MBB,2022-10-07,MKT-2022-09,True,92.7,3,18,True,4.0,-25.08,-17.1,-4.09,40.0,15,1.3316666666666666,5.35,2.31,0.9783333333333335,4.018333333333333,-3.0399999999999996,3.826666666666667,3.34,2.99,-0.8366666666666669,-0.48666666666666725,-0.34999999999999964,-0.6222222222222222,-0.97,-2.79,-2.167777777777778,-0.34777777777777774,-1.82,-0.75,-3.97,-2.82,-2.07,-3.22,1.1500000000000004,-23.174444444444443,-22.04,-26.25,-3.0755555555555567,1.1344444444444441,-4.210000000000001,2022
VPB,2022-10-07,MKT-2022-09,True,79.6,4,19,True,8.0,-24.66,-17.1,-3.71,40.0,15,6.911052631578947,20.89,7.37,0.458947368421053,13.978947368421053,-13.52,14.485263157894739,22.19,21.87,7.384736842105262,7.704736842105262,-0.3200000000000003,-3.218421052631579,1.55,-1.39,1.828421052631579,4.768421052631579,-2.94,0.754736842105263,22.19,-1.39,-2.144736842105263,21.435263157894738,-23.580000000000002,-14.342105263157896,-7.68,-13.87,0.47210526315789636,6.662105263157896,-6.1899999999999995,2022
STB,2022-05-09,MKT-2022-04,True,78.5,3,21,True,11.0,-25.55,-15.49,-4.66,40.0,15,1.7128571428571429,-15.9,0.89,-0.8228571428571428,-17.612857142857145,16.79,15.077142857142855,10.57,11.36,-3.7171428571428553,-4.5071428571428545,0.7899999999999991,-0.08999999999999998,1.32,-5.53,-5.44,1.4100000000000001,-6.8500000000000005,-3.8847619047619055,-1.68,-13.88,-9.995238095238095,2.204761904761906,-12.200000000000001,-14.014761904761903,-17.52,-15.0,-0.9852380952380972,-3.505238095238097,2.5199999999999996,2022
STB,2022-10-07,MKT-2022-09,True,87.4,3,18,True,4.0,-27.49,-17.1,-4.06,40.0,15,11.96388888888889,1.65,0.48,-11.48388888888889,-10.31388888888889,-1.17,47.646666666666675,41.81,37.35,-10.296666666666674,-5.836666666666673,-4.460000000000001,11.763333333333332,-0.5,-1.87,-13.633333333333333,-12.263333333333332,-1.37,9.440555555555555,-3.5,-2.31,-11.750555555555556,-12.940555555555555,1.19,-14.409444444444444,-13.27,-22.38,-7.9705555555555545,1.139444444444445,-9.11,2022
ACB,2022-10-07,MKT-2022-09,True,79.0,3,18,True,7.0,-21.63,-17.1,-4.63,40.0,15,8.330555555555556,17.83,6.7,-1.6305555555555555,9.499444444444443,-11.129999999999999,14.74,22.45,14.26,-0.4800000000000004,7.709999999999999,-8.19,5.126111111111111,22.45,-0.18,-5.306111111111111,17.323888888888888,-22.63,3.700555555555555,22.45,-0.06,-3.760555555555555,18.749444444444443,-22.509999999999998,-12.972777777777777,-4.13,-17.14,-4.1672222222222235,8.842777777777776,-13.010000000000002,2022
TPB,2022-10-10,MKT-2022-09,True,90.8,4,19,True,2.0,-22.48,-16.49,-5.01,40.0,15,6.788947368421051,11.54,6.35,-0.43894736842105164,4.751052631578948,-5.1899999999999995,8.727368421052633,12.72,8.02,-0.7073684210526334,3.9926315789473676,-4.700000000000001,5.7678947368421065,7.72,8.02,2.252105263157893,1.9521052631578932,0.2999999999999998,3.4152631578947377,12.72,-2.79,-6.205263157894738,9.304736842105264,-15.510000000000002,-10.207894736842107,-5.42,-10.47,-0.26210526315789373,4.787894736842107,-5.050000000000001,2022
HDB,2022-10-10,MKT-2022-09,True,89.9,2,17,True,6.0,-18.48,-16.49,-0.94,40.0,15,-4.020588235294118,-7.56,-0.38,3.6405882352941177,-3.539411764705882,7.18,-0.23352941176470576,-3.14,-1.57,-1.3364705882352943,-2.9064705882352944,1.57,-4.907647058823531,-7.26,-2.2,2.7076470588235306,-2.352352941176469,5.06,-5.091764705882353,-3.97,-1.39,3.7017647058823533,1.1217647058823528,2.58,-21.533529411764704,-21.88,-23.33,-1.7964705882352945,-0.3464705882352952,-1.4499999999999993,2022
HDB,2022-11-08,MKT-2022-09,True,75.4,1,16,True,6.0,-14.78,-7.71,-6.8,40.0,15,4.718125,4.46,2.82,-1.8981249999999998,-0.2581249999999997,-1.6400000000000001,12.27375,18.0,13.89,1.6162500000000009,5.72625,-4.109999999999999,12.27375,18.0,13.89,1.6162500000000009,5.72625,-4.109999999999999,8.28375,-3.71,13.89,5.606250000000001,-11.993749999999999,17.6,-5.115,-9.41,-2.01,3.1050000000000004,-4.295,7.4,2022
VIB,2022-05-23,MKT-2022-04,True,72.4,1,16,True,0.0,-22.15,-11.63,-8.69,40.0,15,-5.891874999999999,-21.95,-21.95,-16.058125,-16.058125,0.0,-2.9706249999999996,2.72,2.72,5.690625,5.690625,0.0,-5.654375,-8.23,-8.23,-2.5756250000000005,-2.5756250000000005,0.0,-3.9068750000000003,-7.55,-7.55,-3.6431249999999995,-3.6431249999999995,0.0,-30.893124999999998,-26.36,-26.36,4.533124999999998,4.533124999999998,0.0,2022
VIB,2022-06-15,MKT-2022-04,True,84.0,4,21,True,9.0,-19.14,-7.19,-10.78,40.0,15,12.978095238095236,13.41,17.24,4.261904761904763,0.43190476190476446,3.8299999999999983,2.758571428571429,2.06,0.89,-1.8685714285714288,-0.6985714285714288,-1.17,-1.8571428571428574,-3.43,0.89,2.7471428571428573,-1.5728571428571427,4.32,-3.419047619047619,-3.56,-7.05,-3.630952380952381,-0.14095238095238116,-3.4899999999999998,-10.793809523809525,-19.63,-9.02,1.7738095238095255,-8.836190476190474,10.61,2022
SHB,2022-05-10,MKT-2022-04,True,71.0,1,16,True,6.0,-26.57,-12.72,-10.41,40.0,15,-1.444375,-2.87,-7.02,-5.575625,-1.4256250000000001,-4.1499999999999995,6.193125,7.25,2.09,-4.103125,1.0568749999999998,-5.16,-3.31375,1.39,2.09,5.4037500000000005,4.70375,0.7,-3.5399999999999996,3.05,-8.64,-5.100000000000001,6.59,-11.690000000000001,-14.346875,-20.43,-10.77,3.576875000000001,-6.083124999999999,9.66,2022
SHB,2022-10-07,MKT-2022-09,True,73.3,2,18,True,4.0,-28.09,-17.1,-6.24,40.0,15,5.499444444444444,12.09,6.87,1.3705555555555557,6.5905555555555555,-5.22,9.642777777777779,15.96,14.42,4.777222222222221,6.317222222222222,-1.540000000000001,-1.8638888888888892,-10.84,5.84,7.703888888888889,-8.976111111111111,16.68,-0.32944444444444443,-10.84,-0.16,0.16944444444444443,-10.510555555555555,10.68,-23.062222222222218,-18.06,-22.67,0.39222222222221603,5.002222222222219,-4.610000000000003,2022
GVR,2022-04-25,MKT-2022-04,True,76.3,4,27,True,14.0,-25.8,-14.02,-5.78,40.0,15,-0.42370370370370375,-2.49,0.46,0.8837037037037038,-2.0662962962962963,2.95,0.39555555555555555,-0.92,4.34,3.944444444444444,-1.3155555555555556,5.26,-2.8485185185185182,-3.25,-4.97,-2.1214814814814815,-0.4014814814814818,-1.7199999999999998,-2.292962962962963,-11.08,-1.56,0.7329629629629628,-8.787037037037038,9.52,-18.487037037037037,-22.65,-13.15,5.337037037037037,-4.162962962962961,9.499999999999998,2022
GVR,2022-10-12,MKT-2022-09,True,70.3,1,16,True,11.0,-35.75,-16.93,-12.06,40.0,15,-8.160625,-10.57,1.12,9.280625,-2.4093750000000007,11.690000000000001,-4.240625,-12.15,3.44,7.680624999999999,-7.909375000000001,15.59,-3.7424999999999997,-5.35,-3.57,0.17249999999999988,-1.6075,1.7799999999999998,-3.394375,-1.35,-2.6,0.794375,2.044375,-1.25,-38.649375,-41.89,-36.56,2.089374999999997,-3.2406250000000014,5.329999999999998,2022
KBC,2022-10-25,MKT-2022-09,True,85.0,4,28,True,17.0,-35.86,-12.76,-18.94,40.0,15,22.952142857142857,-1.49,32.3,9.34785714285714,-24.442142857142855,33.79,29.614285714285717,23.48,36.77,7.155714285714286,-6.134285714285717,13.290000000000003,14.61321428571429,-8.53,36.77,22.15678571428571,-23.14321428571429,45.300000000000004,14.84071428571429,-11.61,36.77,21.92928571428571,-26.45071428571429,48.38,-10.541071428571428,-27.6,-5.0,5.541071428571428,-17.058928571428574,22.6,2022
IDC,2022-11-11,MKT-2022-09,True,85.0,2,19,True,10.0,-34.75,-10.26,-18.91,40.0,15,5.796842105263157,9.62,-3.41,-9.206842105263156,3.823157894736842,-13.03,20.086315789473684,16.44,12.57,-7.516315789473683,-3.6463157894736824,-3.870000000000001,12.018421052631581,-19.39,12.57,0.5515789473684194,-31.40842105263158,31.96,8.658421052631578,-19.39,12.57,3.9115789473684224,-28.04842105263158,31.96,-9.807894736842107,-18.9,-5.62,4.1878947368421064,-9.092105263157892,13.279999999999998,2022
VGC,2022-04-26,MKT-2022-04,True,74.4,2,17,True,1.0,-33.58,-12.03,-16.49,40.0,15,20.35,0.77,1.61,-18.740000000000002,-19.580000000000002,0.8400000000000001,61.38058823529412,53.02,49.95,-11.430588235294117,-8.360588235294117,-3.0700000000000003,21.22764705882353,-8.03,-6.78,-28.00764705882353,-29.25764705882353,1.2499999999999991,18.798235294117646,-7.05,-6.78,-25.578235294117647,-25.848235294117647,0.2699999999999996,-20.782941176470587,-30.55,-32.09,-11.307058823529417,-9.767058823529414,-1.5400000000000027,2022
SZC,2022-11-10,MKT-2022-09,True,70.9,1,16,True,6.0,-34.93,-10.95,-17.87,40.0,15,1.6349999999999998,8.94,5.54,3.9050000000000002,7.305,-3.3999999999999995,-4.1118749999999995,1.29,-2.28,1.8318749999999997,5.4018749999999995,-3.57,-5.835625,-10.47,-2.28,3.5556250000000005,-4.634375,8.190000000000001,-4.760624999999999,-10.47,-2.28,2.4806249999999994,-5.709375000000001,8.190000000000001,-9.25875,-12.65,-5.76,3.4987499999999994,-3.391250000000001,6.890000000000001,2022
DIG,2022-01-27,IDIO-2022Q1,False,73.6,4,20,True,9.0,-33.97,-3.78,-27.43,40.0,15,20.116500000000002,26.64,8.25,-11.866500000000002,6.5234999999999985,-18.39,-5.1975,-2.75,-13.23,-8.0325,2.4475,-10.48,-6.228,-16.74,-10.45,-4.2219999999999995,-10.511999999999999,6.289999999999999,-4.46,-16.74,-4.18,0.28000000000000025,-12.279999999999998,12.559999999999999,-39.7425,-28.79,-46.21,-6.467500000000001,10.9525,-17.42,2022
DIG,2022-09-26,MKT-2022-09,True,73.0,2,23,True,16.0,-20.45,-8.44,-7.55,40.0,15,-30.66478260869565,-11.72,-42.14,-11.475217391304351,18.944782608695647,-30.42,-36.041304347826085,-26.78,-41.43,-5.388695652173915,9.261304347826083,-14.649999999999999,-5.093043478260869,-1.94,-1.02,4.073043478260869,3.153043478260869,0.9199999999999999,-4.284782608695652,-2.1,-1.66,2.624782608695652,2.184782608695652,0.44000000000000017,-62.84173913043479,-70.14,-64.52,-1.6782608695652073,-7.298260869565212,5.6200000000000045,2022
DIG,2022-10-27,MKT-2022-09,True,85.0,4,30,True,3.0,-33.35,-9.2,-20.05,40.0,15,11.653999999999998,-27.25,-18.96,-30.613999999999997,-38.903999999999996,8.29,-10.166333333333334,-25.9,-24.2,-14.033666666666665,-15.733666666666664,1.6999999999999993,-3.9213333333333327,-11.65,-5.62,-1.6986666666666674,-7.728666666666667,6.03,-3.9469999999999996,-11.43,-2.83,1.1169999999999995,-7.4830000000000005,8.6,-25.301666666666666,-53.91,-50.52,-25.218333333333337,-28.60833333333333,3.3899999999999935,2022
NVL,2022-11-08,MKT-2022-09,True,73.6,4,17,False,,-31.72,-7.71,-27.19,40.0,15,-45.839999999999996,-63.68,,,-17.840000000000003,,-63.535294117647055,-75.5,,,-11.964705882352945,,-13.992941176470588,-11.63,,,2.3629411764705868,,-13.668823529411766,-11.63,,,2.038823529411765,,-60.19764705882353,-72.87,,,-12.672352941176477,,2022
NVL,2022-12-01,MKT-2022-09,True,76.3,3,21,True,11.0,-61.02,-1.16,-60.35,40.0,15,-18.517142857142858,-38.6,-24.95,-6.4328571428571415,-20.082857142857144,13.650000000000002,-32.422380952380955,-52.38,-38.16,-5.737619047619042,-19.957619047619048,14.220000000000006,-11.175714285714285,-18.23,-10.1,1.0757142857142856,-7.054285714285715,8.13,-9.903333333333332,-10.54,-9.1,0.8033333333333328,-0.6366666666666667,1.4399999999999995,-41.1852380952381,-56.96,-44.79,-3.604761904761901,-15.774761904761903,12.170000000000002,2022
PDR,2022-11-29,MKT-2022-09,True,85.0,3,19,True,0.0,-69.37,0.0,-69.37,40.0,15,-5.053684210526316,-0.25,-0.25,4.803684210526316,4.803684210526316,0.0,-19.596315789473685,-23.13,-23.13,-3.5336842105263138,-3.5336842105263138,0.0,-9.750526315789475,-10.94,-10.94,-1.1894736842105242,-1.1894736842105242,0.0,-7.860526315789474,-6.94,-6.94,0.9205263157894734,0.9205263157894734,0.0,-32.42473684210527,-27.15,-27.15,5.27473684210527,5.27473684210527,0.0,2022
DXG,2022-11-16,MKT-2022-09,True,74.1,1,16,True,0.0,-43.03,-10.92,-25.38,40.0,15,11.819375,42.25,42.25,30.430625,30.430625,0.0,-14.501875,-0.2,-0.2,14.301875,14.301875,0.0,-9.48125,-0.2,-0.2,9.28125,9.28125,0.0,-5.614375,-0.2,-0.2,5.414375,5.414375,0.0,-18.799375,-2.64,-2.64,16.159375,16.159375,0.0,2022
KDH,2022-09-26,MKT-2022-09,True,80.0,4,27,True,10.0,-22.8,-8.44,-14.81,40.0,15,-5.958148148148148,-15.27,-16.8,-10.841851851851853,-9.311851851851852,-1.5300000000000011,6.977407407407409,-1.29,5.69,-1.2874074074074082,-8.267407407407408,6.98,-4.652962962962963,-1.35,-4.74,-0.08703703703703702,3.302962962962963,-3.39,-4.467777777777777,-4.35,-6.36,-1.8922222222222231,0.11777777777777754,-2.0100000000000007,-28.764444444444443,-39.63,-30.85,-2.0855555555555583,-10.86555555555556,8.780000000000001,2022
NLG,2022-09-22,MKT-2022-09,True,85.0,2,18,True,16.0,-18.84,-5.76,-11.43,40.0,15,-12.635555555555555,-11.37,-13.67,-1.0344444444444445,1.2655555555555562,-2.3000000000000007,14.169999999999998,2.41,5.66,-8.509999999999998,-11.759999999999998,3.25,-3.038333333333333,-2.46,-3.13,-0.09166666666666679,0.5783333333333331,-0.6699999999999999,-3.226111111111111,-3.1,0.87,4.096111111111111,0.12611111111111084,3.97,-42.23166666666666,-54.43,-37.93,4.301666666666662,-12.198333333333338,16.5,2022
CSV,2022-11-16,MKT-2022-09,True,73.1,1,16,True,7.0,-37.06,-10.92,-22.21,40.0,15,0.8318749999999997,18.72,0.65,-0.18187499999999968,17.888125,-18.07,-9.833124999999999,3.03,-11.04,-1.2068750000000001,12.863124999999998,-14.069999999999999,-6.224375,3.03,-11.04,-4.815624999999999,9.254375,-14.069999999999999,-5.503125,3.03,-11.04,-5.536874999999999,8.533125,-14.069999999999999,-10.700625,-3.09,-6.76,3.9406250000000007,7.610625000000001,-3.67,2022
VHC,2022-10-07,MKT-2022-09,True,70.1,1,16,True,1.0,-26.94,-17.1,-4.65,40.0,15,7.009375,19.0,14.33,7.320625,11.990625,-4.67,-7.91375,7.9,0.99,8.90375,15.81375,-6.91,-3.335625,4.2,-3.78,-0.44437499999999996,7.535625,-7.98,-2.240625,-6.21,-3.61,-1.3693749999999998,-3.969375,2.6,-17.538125,-9.19,-15.53,2.0081250000000015,8.348125000000001,-6.34,2022
ANV,2022-11-08,MKT-2022-09,True,74.7,3,22,True,12.0,-33.9,-7.71,-22.03,40.0,15,14.132272727272726,-3.77,5.63,-8.502272727272725,-17.902272727272727,9.4,52.02863636363636,29.25,45.25,-6.778636363636359,-22.77863636363636,16.0,36.876363636363635,-8.3,45.25,8.373636363636365,-45.17636363636363,53.55,35.48090909090908,-8.3,45.25,9.76909090909092,-43.78090909090908,53.55,-9.818636363636363,-35.6,-4.9,4.918636363636363,-25.781363636363636,30.700000000000003,2022
FMC,2022-10-13,MKT-2022-09,True,71.0,1,16,True,4.0,-23.65,-14.83,-6.35,40.0,15,-6.5649999999999995,-0.04,-14.67,-8.105,6.5249999999999995,-14.63,-6.695625,-8.67,-10.36,-3.6643749999999997,-1.9743750000000002,-1.6899999999999995,-0.7774999999999999,-3.88,-6.81,-6.0325,-3.1025,-2.9299999999999997,0.598125,0.44,-0.29,-0.888125,-0.15812500000000002,-0.73,-22.983125,-27.42,-29.21,-6.226875,-4.436875000000001,-1.7899999999999991,2022
FMC,2022-11-16,MKT-2022-09,True,83.6,1,16,True,6.0,-24.92,-10.92,-13.54,40.0,15,-1.5387499999999998,0.24,-2.91,-1.3712500000000003,1.7787499999999998,-3.1500000000000004,4.3175,6.42,3.34,-0.9775,2.1025,-3.08,3.6643749999999997,6.42,3.34,-0.32437499999999986,2.755625,-3.08,1.5756249999999998,6.42,3.34,1.764375,4.844375,-3.08,-7.036250000000001,-3.25,-3.12,3.9162500000000007,3.786250000000001,0.1299999999999999,2022
GIL,2022-05-09,MKT-2022-04,True,72.3,4,21,True,11.0,-24.89,-15.49,-9.96,40.0,15,-6.643333333333333,9.38,-16.74,-10.096666666666666,16.023333333333333,-26.119999999999997,-17.36714285714286,-15.83,-11.22,6.147142857142859,1.5371428571428591,4.609999999999999,-6.606190476190477,-0.48,-6.39,0.21619047619047738,6.126190476190477,-5.91,-4.653333333333333,-2.64,-3.07,1.5833333333333335,2.013333333333333,-0.4299999999999997,-30.76714285714285,-31.25,-26.71,4.05714285714285,-0.4828571428571493,4.539999999999999,2022
GIL,2022-11-14,MKT-2022-09,True,78.5,1,16,True,6.0,-50.63,-11.53,-33.73,40.0,15,-8.118749999999999,53.86,-1.45,6.668749999999998,61.97875,-55.31,-22.045625,0.61,-21.49,0.5556250000000027,22.655625,-22.099999999999998,-15.521875000000001,0.61,-26.28,-10.758125,16.131875,-26.89,-13.64625,0.61,-13.92,-0.2737499999999997,14.25625,-14.53,-24.9675,0.0,-17.61,7.357500000000002,24.9675,-17.61,2022
TNG,2022-10-11,MKT-2022-09,True,71.9,3,18,True,3.0,-37.02,-19.22,-3.94,40.0,15,-11.425555555555555,2.82,-17.63,-6.204444444444444,14.245555555555555,-20.45,-10.949999999999998,-3.47,-12.61,-1.660000000000002,7.479999999999997,-9.139999999999999,-5.996111111111111,-9.71,-4.56,1.4361111111111118,-3.7138888888888895,5.150000000000001,-2.408333333333333,-3.82,3.1,5.508333333333333,-1.4116666666666666,6.92,-45.031111111111116,-37.87,-47.64,-2.6088888888888846,7.1611111111111185,-9.770000000000003,2022
MSH,2022-05-10,MKT-2022-04,True,80.0,3,18,True,12.0,-28.47,-12.72,-18.74,40.0,15,15.786666666666669,22.15,11.09,-4.696666666666669,6.36333333333333,-11.059999999999999,-7.194999999999999,-6.9,-9.84,-2.6450000000000005,0.29499999999999904,-2.9399999999999995,-3.801111111111111,-1.58,-3.51,0.2911111111111113,2.221111111111111,-1.9299999999999997,-2.4850000000000003,-1.35,-1.74,0.7450000000000003,1.1350000000000002,-0.3899999999999999,-12.275555555555556,-13.9,-14.63,-2.354444444444445,-1.6244444444444444,-0.7300000000000004,2022
STK,2022-05-13,MKT-2022-04,True,77.9,2,17,True,7.0,-27.54,-19.66,-11.81,40.0,15,-1.168235294117647,0.91,-4.95,-3.7817647058823534,2.078235294117647,-5.86,-3.4152941176470586,7.33,-10.05,-6.634705882352942,10.74529411764706,-17.380000000000003,-6.07,-7.28,-10.59,-4.52,-1.21,-3.3099999999999996,-5.0070588235294125,-7.28,-11.52,-6.512941176470587,-2.272941176470588,-4.239999999999999,-13.749411764705883,-9.64,-18.45,-4.700588235294116,4.109411764705882,-8.809999999999999,2022
STK,2022-10-27,MKT-2022-09,True,82.2,2,17,False,,-35.99,-9.2,-28.57,40.0,15,-6.468823529411765,-3.66,,,2.8088235294117645,,3.3917647058823532,7.86,,,4.4682352941176475,,-3.0058823529411764,-3.02,,,-0.014117647058823568,,-3.5541176470588236,-6.97,,,-3.415882352941176,,-10.944705882352944,-14.68,,,-3.735294117647056,,2022
HAH,2022-09-27,MKT-2022-09,True,72.8,3,24,True,9.0,-32.52,-8.9,-20.77,40.0,15,-12.96875,-8.16,-17.61,-4.641249999999999,4.80875,-9.45,-14.140833333333333,-13.5,-18.46,-4.319166666666668,0.6408333333333331,-4.960000000000001,-4.622083333333333,-4.61,-7.49,-2.867916666666667,0.012083333333333002,-2.88,-2.5641666666666665,-4.99,-1.27,1.2941666666666665,-2.4258333333333337,3.72,-43.51958333333332,-49.89,-45.95,-2.43041666666668,-6.370416666666678,3.9399999999999977,2022
VHM,2023-10-27,MKT-2023-09,True,80.3,1,6,False,,-18.35,-8.19,-7.42,40.0,5,-1.6916666666666664,-2.28,,,-0.5883333333333334,,-7.671666666666667,-7.06,,,0.6116666666666672,,-7.0249999999999995,-3.18,,,3.8449999999999993,,-7.671666666666667,-7.06,,,0.6116666666666672,,-5.288333333333333,-5.75,,,-0.4616666666666669,,2023
NVL,2023-02-15,MKT-2023-02,True,76.6,1,6,False,,-27.57,-6.17,-23.52,40.0,5,-5.058333333333333,-2.78,,,2.278333333333333,,11.19,17.72,,,6.529999999999999,,-6.91,-4.56,,,2.3500000000000005,,-6.001666666666668,-7.62,,,-1.6183333333333323,,-16.12,-12.62,,,3.5000000000000018,,2023
PDR,2023-02-13,MKT-2023-02,True,71.0,1,6,False,,-23.99,-6.57,-18.51,40.0,5,9.383333333333333,7.68,,,-1.7033333333333331,,21.648333333333337,25.11,,,3.4616666666666625,,8.116666666666667,-3.09,,,-11.206666666666667,,-0.3899999999999997,-6.09,,,-5.7,,-10.22,-9.57,,,0.6500000000000004,,2023
ANV,2023-10-27,MKT-2023-09,True,72.9,2,7,False,,-27.35,-8.19,-16.74,40.0,5,4.588571428571429,0.41,,,-4.178571428571429,,-5.159999999999999,-8.88,,,-3.7200000000000015,,-5.479999999999999,-11.12,,,-5.640000000000001,,-5.479999999999999,-11.12,,,-5.640000000000001,,-4.238571428571428,-13.26,,,-9.021428571428572,,2023
NKG,2024-08-05,MKT-2024-08,True,72.4,1,6,False,,-20.99,-8.17,-9.21,40.0,5,-4.346666666666667,-8.51,,,-4.163333333333333,,-4.1883333333333335,-8.34,,,-4.151666666666666,,-4.1883333333333335,-8.34,,,-4.151666666666666,,-4.1883333333333335,-8.34,,,-4.151666666666666,,-5.108333333333333,-4.37,,,0.7383333333333333,,2024
VGC,2024-08-05,MKT-2024-08,True,76.8,4,9,False,,-23.78,-8.17,-13.48,40.0,5,-1.662222222222222,-4.93,,,-3.267777777777778,,1.1211111111111112,-5.67,,,-6.791111111111111,,1.068888888888889,-6.14,,,-7.208888888888889,,1.1211111111111112,-5.67,,,-6.791111111111111,,-3.0677777777777777,-5.54,,,-2.4722222222222223,,2024
NVL,2024-05-08,MKT-2024-04,True,76.2,1,6,True,5.0,-25.68,-2.05,-23.37,40.0,5,0.9383333333333334,2.59,-3.29,-4.2283333333333335,1.6516666666666664,-5.88,-15.186666666666667,-17.39,-15.53,-0.34333333333333194,-2.203333333333333,1.8600000000000012,-7.075,-5.16,-7.63,-0.5549999999999997,1.915,-2.4699999999999998,-10.218333333333332,-10.56,-7.08,3.138333333333332,-0.34166666666666856,3.4800000000000004,-23.653333333333332,-23.99,-26.11,-2.456666666666667,-0.336666666666666,-2.120000000000001,2024
PDR,2024-04-19,MKT-2024-04,True,75.3,3,8,True,7.0,-20.46,-8.94,-8.3,40.0,5,-1.065,-1.35,-0.35,0.715,-0.28500000000000014,1.0,-21.60625,-23.11,-22.88,-1.2737499999999997,-1.5037500000000001,0.23000000000000043,-15.43875,-16.2,-15.56,-0.12124999999999986,-0.7612499999999986,0.6399999999999988,-16.2275,-19.2,-13.86,2.3674999999999997,-2.9725,5.34,-19.4775,-15.19,-23.38,-3.9025,4.2875,-8.19,2024
STK,2024-07-26,MKT-2024-08,True,72.7,4,14,False,,-22.08,-3.99,-18.37,40.0,5,-3.120714285714286,-10.39,,,-7.269285714285715,,-2.7207142857142856,-9.54,,,-6.819285714285714,,-3.336428571428571,-8.11,,,-4.773571428571429,,-4.2,-8.28,,,-4.079999999999999,,-8.460714285714287,-18.27,,,-9.809285714285712,,2024
VTP,2024-04-19,MKT-2024-04,True,72.2,3,8,True,6.0,-24.68,-8.94,-13.29,40.0,5,-1.46,3.75,-3.8,-2.34,5.21,-7.55,-0.4912500000000002,4.32,-1.24,-0.7487499999999998,4.81125,-5.5600000000000005,-1.5712499999999998,4.32,-1.24,0.3312499999999998,5.89125,-5.5600000000000005,-2.9537500000000003,4.32,-9.75,-6.79625,7.273750000000001,-14.07,-5.4625,-2.83,-9.15,-3.6875,2.6325000000000003,-6.32,2024
HPG,2025-04-04,MKT-2025-04,True,93.9,4,9,False,,-12.61,-9.4,-1.44,40.0,5,-4.245555555555555,-0.38,,,3.865555555555555,,-0.5655555555555556,-2.89,,,-2.3244444444444445,,-0.5655555555555556,-2.89,,,-2.3244444444444445,,-1.1455555555555554,-2.89,,,-1.7444444444444447,,-5.637777777777778,-9.32,,,-3.6822222222222223,,2025
SSI,2025-04-04,MKT-2025-04,True,86.4,2,8,False,,-12.55,-9.4,-0.78,40.0,5,-8.135,-10.24,,,-2.1050000000000004,,-0.7262499999999998,-10.22,,,-9.49375,,-0.3937499999999998,-7.56,,,-7.16625,,-3.53125,-10.22,,,-6.688750000000001,,-7.161249999999999,-10.41,,,-3.248750000000001,,2025
FPT,2025-04-04,MKT-2025-04,True,83.8,3,8,False,,-18.88,-9.4,-8.81,40.0,5,-1.11625,0.84,,,1.9562499999999998,,-7.98875,-2.96,,,5.02875,,-7.71875,-2.96,,,4.75875,,-6.48625,-2.96,,,3.52625,,-7.547499999999999,-7.73,,,-0.182500000000001,,2025
MWG,2025-04-04,MKT-2025-04,True,85.8,4,9,True,6.0,-16.2,-9.4,-5.07,40.0,5,9.401111111111112,13.25,5.73,-3.671111111111111,3.8488888888888884,-7.52,4.905555555555555,13.17,-1.58,-6.485555555555555,8.264444444444445,-14.75,4.905555555555555,13.17,-1.58,-6.485555555555555,8.264444444444445,-14.75,3.9966666666666666,13.17,-5.3,-9.296666666666667,9.173333333333334,-18.47,-4.897777777777778,-7.01,-8.12,-3.2222222222222214,-2.112222222222222,-1.1099999999999994,2025
TCB,2025-04-08,MKT-2025-04,True,85.8,2,7,False,,-14.48,-15.23,2.39,40.0,5,6.7457142857142856,10.18,,,3.434285714285714,,15.074285714285713,24.37,,,9.295714285714288,,15.074285714285713,24.37,,,9.295714285714288,,4.329999999999999,24.37,,,20.040000000000003,,-6.815714285714286,0.0,,,6.815714285714286,,2025
PVD,2025-04-04,MKT-2025-04,True,84.9,5,17,True,13.0,-19.53,-9.4,-9.39,40.0,5,-5.102941176470588,-6.47,-3.38,1.722941176470588,-1.3670588235294119,3.09,-7.91,-7.08,-8.22,-0.3100000000000005,0.8300000000000001,-1.1400000000000006,-7.988823529411765,-8.42,-8.22,-0.23117647058823554,-0.43117647058823483,0.1999999999999993,-7.181764705882353,-7.08,-8.22,-1.0382352941176478,0.10176470588235276,-1.1400000000000006,-6.306470588235294,-7.24,-6.2,0.1064705882352941,-0.9335294117647059,1.04,2025
DGC,2025-04-03,MKT-2025-04,True,97.2,6,11,True,10.0,-18.71,-7.96,-10.42,40.0,5,-1.6618181818181819,-0.29,-8.6,-6.938181818181818,1.3718181818181818,-8.31,-1.3245454545454542,2.49,-9.09,-7.765454545454546,3.8145454545454545,-11.58,-2.21,-7.25,-9.09,-6.88,-5.04,-1.8399999999999999,-1.9800000000000002,-7.25,-9.09,-7.109999999999999,-5.27,-1.8399999999999999,-6.501818181818181,-13.09,-8.02,-1.5181818181818185,-6.588181818181819,5.07,2025
DGC,2025-12-16,IDIO-2025Q4,False,91.2,3,11,False,,-11.0,-4.25,-8.04,40.0,5,-3.031818181818183,-22.67,,,-19.63818181818182,,-18.691818181818185,-26.7,,,-8.008181818181814,,-8.02909090909091,-14.42,,,-6.390909090909091,,-9.047272727272727,-14.42,,,-5.372727272727273,,-24.91181818181818,-28.05,,,-3.1381818181818204,,2025
HSG,2025-04-04,MKT-2025-04,True,76.8,1,6,False,,-17.63,-9.4,-5.5,40.0,5,-4.403333333333334,-11.99,,,-7.586666666666666,,-3.3066666666666666,-11.6,,,-8.293333333333333,,-10.844999999999999,-6.08,,,4.764999999999999,,-9.398333333333333,-14.01,,,-4.611666666666666,,-13.536666666666667,-18.11,,,-4.573333333333332,,2025
NKG,2025-04-11,MKT-2025-04,True,81.9,1,6,False,,-22.89,-8.52,-13.41,40.0,5,-2.485,-4.68,,,-2.195,,-4.833333333333333,-7.41,,,-2.576666666666667,,-5.298333333333334,-7.76,,,-2.461666666666666,,-4.588333333333334,-6.4,,,-1.8116666666666665,,-8.361666666666666,-11.92,,,-3.5583333333333336,,2025
VNM,2025-04-08,MKT-2025-04,True,90.8,2,7,False,,-13.5,-15.23,-0.08,40.0,5,-3.808571428571429,-3.21,,,0.5985714285714292,,-8.422857142857142,-10.35,,,-1.927142857142858,,-8.422857142857142,-10.35,,,-1.927142857142858,,-8.422857142857142,-10.35,,,-1.927142857142858,,-3.61,0.0,,,3.61,,2025
SAB,2025-04-04,MKT-2025-04,True,81.9,3,8,True,4.0,-16.0,-9.4,-7.85,40.0,5,-0.585,6.07,-3.21,-2.625,6.655,-9.280000000000001,-7.7425,-2.01,-9.74,-1.9975000000000005,5.7325,-7.73,-7.7425,-2.01,-9.74,-1.9975000000000005,5.7325,-7.73,-6.75,-2.01,-5.65,1.0999999999999996,4.74,-3.6400000000000006,-5.4825,-4.26,-9.07,-3.5875000000000004,1.2225000000000001,-4.8100000000000005,2025
MSN,2025-04-04,MKT-2025-04,True,85.2,4,9,False,,-18.42,-9.4,-8.16,40.0,5,1.9155555555555557,5.21,,,3.2944444444444443,,12.151111111111112,15.49,,,3.3388888888888886,,12.151111111111112,15.49,,,3.3388888888888886,,10.624444444444444,15.49,,,4.865555555555556,,-4.901111111111111,-8.71,,,-3.80888888888889,,2025
GAS,2025-04-04,MKT-2025-04,True,92.4,4,9,False,,-15.05,-9.4,-6.96,40.0,5,-0.8844444444444443,2.19,,,3.074444444444444,,-1.5744444444444445,2.88,,,4.454444444444444,,-1.5744444444444445,2.88,,,4.454444444444444,,-1.7555555555555555,2.88,,,4.635555555555555,,-5.776666666666666,-9.29,,,-3.5133333333333328,,2025
PLX,2025-04-04,MKT-2025-04,True,81.1,3,9,True,8.0,-17.55,-9.4,-8.78,40.0,5,-4.347777777777778,-2.44,-5.04,-0.6922222222222221,1.907777777777778,-2.6,-6.388888888888889,-1.94,-8.73,-2.341111111111111,4.44888888888889,-6.790000000000001,-6.941111111111111,-6.91,-8.73,-1.7888888888888896,0.031111111111110645,-1.8200000000000003,-5.341111111111111,-1.94,-5.33,0.011111111111111072,3.401111111111111,-3.39,-6.941111111111111,-7.49,-8.16,-1.2188888888888894,-0.5488888888888894,-0.6699999999999999,2025
POW,2025-04-08,MKT-2025-04,True,80.0,2,7,True,4.0,-18.44,-15.23,-2.17,40.0,5,4.554285714285714,9.62,3.54,-1.0142857142857142,5.065714285714285,-6.079999999999999,-2.3128571428571427,2.92,-5.93,-3.617142857142857,5.232857142857142,-8.85,-2.3128571428571427,2.92,-5.93,-3.617142857142857,5.232857142857142,-8.85,-2.3128571428571427,2.92,-5.93,-3.617142857142857,5.232857142857142,-8.85,-2.444285714285715,0.0,-3.81,-1.3657142857142852,2.444285714285715,-3.81,2025
BID,2025-04-09,MKT-2025-04,True,82.7,1,6,False,,-20.68,-18.11,-2.58,40.0,5,-6.72,-7.73,,,-1.0100000000000007,,-14.325000000000001,-13.31,,,1.0150000000000006,,-14.325000000000001,-13.31,,,1.0150000000000006,,-8.601666666666668,-13.31,,,-4.708333333333332,,-9.056666666666667,-5.48,,,3.576666666666666,,2025
CTG,2025-04-08,MKT-2025-04,True,82.6,2,7,False,,-15.58,-15.23,1.55,40.0,5,-4.627142857142857,-9.97,,,-5.342857142857143,,-3.1299999999999994,-3.07,,,0.05999999999999961,,-3.1299999999999994,-3.07,,,0.05999999999999961,,-3.748571428571428,-3.07,,,0.6785714285714284,,-6.2457142857142856,0.0,,,6.2457142857142856,,2025
MBB,2025-04-08,MKT-2025-04,True,84.6,2,7,False,,-15.76,-15.23,0.79,40.0,5,0.0857142857142857,1.18,,,1.0942857142857143,,-3.1042857142857136,2.49,,,5.594285714285714,,-3.1042857142857136,2.49,,,5.594285714285714,,-3.0028571428571422,2.49,,,5.492857142857142,,-4.6257142857142854,0.0,,,4.6257142857142854,,2025
VPB,2025-04-08,MKT-2025-04,True,89.2,2,7,False,,-19.57,-15.23,-3.1,40.0,5,-0.35571428571428587,-6.9,,,-6.5442857142857145,,1.32,-2.65,,,-3.9699999999999998,,1.32,-2.65,,,-3.9699999999999998,,-2.7285714285714286,-2.65,,,0.07857142857142874,,-7.644285714285715,-0.26,,,7.384285714285715,,2025
STB,2025-04-09,MKT-2025-04,True,77.6,1,6,True,2.0,-16.73,-18.11,3.88,40.0,5,-1.5433333333333332,0.85,0.12,1.663333333333333,2.393333333333333,-0.73,6.638333333333333,10.27,6.37,-0.26833333333333265,3.631666666666667,-3.8999999999999995,6.638333333333333,10.27,6.37,-0.26833333333333265,3.631666666666667,-3.8999999999999995,6.638333333333333,10.27,6.37,-0.26833333333333265,3.631666666666667,-3.8999999999999995,-1.0916666666666668,0.0,-2.24,-1.1483333333333334,1.0916666666666668,-2.24,2025
ACB,2025-04-03,MKT-2025-04,True,94.8,4,9,False,,-9.38,-7.96,-1.41,40.0,5,-4.169999999999999,-3.18,,,0.9899999999999989,,-7.938888888888887,-6.38,,,1.5588888888888874,,-7.557777777777777,-2.95,,,4.607777777777777,,-6.75,-2.95,,,3.8,,-6.894444444444445,-8.57,,,-1.6755555555555555,,2025
TPB,2025-04-03,MKT-2025-04,True,83.1,5,10,True,9.0,-18.64,-7.96,-9.84,40.0,5,4.642,2.78,2.6,-2.0420000000000003,-1.8620000000000005,-0.17999999999999972,0.6290000000000001,-2.28,1.27,0.6409999999999999,-2.909,3.55,0.42699999999999994,-4.3,1.27,0.8430000000000001,-4.726999999999999,5.57,0.42699999999999994,-4.3,1.27,0.8430000000000001,-4.726999999999999,5.57,-3.2659999999999996,-10.5,-0.72,2.5459999999999994,-7.234,9.78,2025
HDB,2025-04-09,MKT-2025-04,True,77.8,2,7,True,6.0,-23.08,-18.11,-3.09,40.0,5,-1.3357142857142856,0.01,-0.81,0.5257142857142856,1.3457142857142856,-0.8200000000000001,-4.392857142857143,-2.81,-5.55,-1.1571428571428566,1.5828571428571432,-2.7399999999999998,-4.392857142857143,-2.81,-5.55,-1.1571428571428566,1.5828571428571432,-2.7399999999999998,-4.421428571428572,-2.81,-5.55,-1.1285714285714281,1.6114285714285717,-2.7399999999999998,-6.9471428571428575,-1.53,-7.92,-0.9728571428571424,5.417142857142857,-6.39,2025
VIB,2025-04-03,MKT-2025-04,True,74.9,2,9,False,,-11.18,-7.96,-3.28,40.0,5,-5.295555555555556,-6.92,,,-1.6244444444444444,,-11.316666666666666,-12.14,,,-0.8233333333333341,,-10.312222222222223,-3.1,,,7.212222222222223,,-9.682222222222224,-3.1,,,6.582222222222224,,-6.318888888888889,-8.67,,,-2.351111111111111,,2025
GVR,2025-04-04,MKT-2025-04,True,97.7,7,12,False,,-20.89,-9.4,-9.05,40.0,5,1.7533333333333332,-6.65,,,-8.403333333333334,,-2.5783333333333345,-9.18,,,-6.601666666666665,,-6.253333333333334,-10.3,,,-4.046666666666667,,-6.466666666666668,-11.99,,,-5.5233333333333325,,-11.787500000000001,-15.75,,,-3.9624999999999986,,2025
KBC,2025-04-08,MKT-2025-04,True,100.0,9,16,True,11.0,-22.35,-15.23,-5.57,40.0,5,7.4925,-8.43,12.84,5.3475,-15.9225,21.27,1.24375,-12.04,3.32,2.07625,-13.28375,15.36,-1.3037500000000002,-19.03,3.32,4.62375,-17.72625,22.35,-2.37125,-24.0,3.32,5.69125,-21.62875,27.32,-7.181875,-9.48,-0.45,6.731875,-2.2981250000000006,9.030000000000001,2025
IDC,2025-04-08,MKT-2025-04,True,100.0,12,17,True,2.0,-30.29,-15.23,-9.91,40.0,5,5.061176470588234,-7.77,-7.34,-12.401176470588233,-12.831176470588233,0.4299999999999997,0.1800000000000002,-4.22,-10.14,-10.32,-4.4,-5.920000000000001,-4.369411764705881,-25.56,-16.93,-12.56058823529412,-21.19058823529412,8.629999999999999,-5.02,-25.56,-12.93,-7.91,-20.54,12.629999999999999,-7.978235294117648,-9.9,-21.5,-13.521764705882351,-1.9217647058823522,-11.6,2025
VGC,2025-04-09,MKT-2025-04,True,92.5,3,8,True,7.0,-29.79,-18.11,-8.44,40.0,5,3.41125,5.51,-1.57,-4.98125,2.09875,-7.08,-8.379999999999999,-10.53,-9.66,-1.2800000000000011,-2.1500000000000004,0.8699999999999992,-8.379999999999999,-10.53,-9.66,-1.2800000000000011,-2.1500000000000004,0.8699999999999992,-7.046250000000001,-10.53,-7.21,-0.1637499999999994,-3.483749999999999,3.3199999999999994,-8.7275,-6.89,-11.02,-2.2925000000000004,1.8374999999999995,-4.13,2025
SZC,2025-04-11,MKT-2025-04,True,90.1,3,8,False,,-26.56,-8.52,-17.73,40.0,5,0.3862500000000001,-10.67,,,-11.05625,,-1.3349999999999997,-13.29,,,-11.955,,-3.01125,-10.4,,,-7.38875,,-2.9325,-10.4,,,-7.4675,,-10.22125,-21.29,,,-11.06875,,2025
DIG,2025-04-10,MKT-2025-04,True,79.4,3,14,False,,-24.23,-12.57,-10.38,40.0,5,-1.3650000000000004,-7.28,,,-5.915,,14.472857142857142,6.02,,,-8.452857142857143,,8.27714285714286,-6.08,,,-14.35714285714286,,8.477142857142857,-10.34,,,-18.817142857142855,,-8.15857142857143,-11.1,,,-2.9414285714285704,,2025
NVL,2025-04-03,MKT-2025-04,True,70.7,1,6,False,,-14.08,-7.96,-5.3,40.0,5,26.921666666666667,30.81,,,3.888333333333332,,50.11833333333333,46.04,,,-4.078333333333333,,41.55166666666667,-5.36,,,-46.91166666666667,,41.55166666666667,-5.36,,,-46.91166666666667,,-5.175,-11.54,,,-6.364999999999999,,2025
DXG,2025-04-04,MKT-2025-04,True,85.9,2,8,False,,-16.52,-9.4,-3.78,40.0,5,9.286249999999999,10.98,,,1.6937500000000014,,25.47125,25.74,,,0.26874999999999716,,25.47125,25.74,,,0.26874999999999716,,25.47125,25.74,,,0.26874999999999716,,-3.7624999999999993,-7.52,,,-3.7575000000000003,,2025
KDH,2025-04-04,MKT-2025-04,True,86.9,4,9,True,7.0,-15.67,-9.4,-6.77,40.0,5,0.4600000000000001,1.37,1.37,0.91,0.91,0.0,-4.92,-3.49,-3.29,1.63,1.4299999999999997,0.20000000000000018,-5.529999999999999,-8.98,-3.29,2.2399999999999993,-3.450000000000001,5.69,-4.816666666666666,-3.49,-3.29,1.5266666666666664,1.3266666666666662,0.20000000000000018,-5.887777777777778,-7.08,-3.83,2.057777777777778,-1.192222222222222,3.25,2025
NLG,2025-04-09,MKT-2025-04,True,70.8,1,6,True,5.0,-26.5,-18.11,-4.93,40.0,5,9.855,6.98,12.49,2.635,-2.875,5.51,17.713333333333335,18.76,20.58,2.8666666666666636,1.0466666666666669,1.8199999999999967,13.478333333333333,18.76,20.58,7.101666666666665,5.281666666666668,1.8199999999999967,7.686666666666667,18.76,20.58,12.89333333333333,11.073333333333334,1.8199999999999967,-9.213333333333333,-7.19,-6.85,2.3633333333333333,2.0233333333333325,0.34000000000000075,2025
DCM,2025-04-04,MKT-2025-04,True,94.4,4,9,False,,-18.27,-9.4,-8.1,40.0,5,6.612222222222222,16.96,,,10.347777777777779,,2.198888888888889,11.75,,,9.551111111111112,,2.198888888888889,11.75,,,9.551111111111112,,2.198888888888889,11.75,,,9.551111111111112,,-4.267777777777777,-7.99,,,-3.722222222222223,,2025
DPM,2025-04-09,MKT-2025-04,True,81.3,2,7,False,,-23.69,-18.11,-4.54,40.0,5,-2.922857142857143,2.4,,,5.322857142857143,,0.5457142857142859,8.14,,,7.594285714285714,,0.5457142857142859,8.14,,,7.594285714285714,,0.5142857142857145,8.14,,,7.625714285714286,,-4.567142857142858,0.0,,,4.567142857142858,,2025
CSV,2025-04-11,MKT-2025-04,True,85.8,1,6,True,5.0,-22.41,-8.52,-12.8,40.0,5,-1.3483333333333334,2.85,-3.44,-2.091666666666667,4.198333333333333,-6.29,-8.185,-4.61,-10.49,-2.3049999999999997,3.575,-5.88,-7.446666666666666,-4.61,-10.49,-3.043333333333334,2.836666666666666,-5.88,-6.758333333333333,-7.93,-10.49,-3.7316666666666674,-1.1716666666666669,-2.5600000000000005,-9.415000000000001,-10.31,-8.9,0.5150000000000006,-0.8949999999999996,1.4100000000000001,2025
VHC,2025-04-10,MKT-2025-04,True,94.9,2,7,False,,-25.96,-12.57,-11.9,40.0,5,-0.46142857142857124,-7.91,,,-7.448571428571429,,-4.29,-10.29,,,-5.999999999999999,,-7.034285714285714,-14.96,,,-7.925714285714287,,-6.201428571428572,-10.31,,,-4.1085714285714285,,-12.232857142857142,-17.15,,,-4.917142857142856,,2025
ANV,2025-04-04,MKT-2025-04,True,79.7,3,8,False,,-18.06,-9.4,-6.22,40.0,5,-4.703749999999999,3.4,,,8.10375,,38.1225,56.69,,,18.567499999999995,,38.1225,56.69,,,18.567499999999995,,29.40375,56.69,,,27.28625,,-4.31875,-6.83,,,-2.5112500000000004,,2025
FMC,2025-04-08,MKT-2025-04,True,97.2,8,15,True,12.0,-22.63,-15.23,-8.1,40.0,5,-2.132,-12.39,2.15,4.282,-10.258000000000001,14.540000000000001,-8.258,-16.45,-10.13,-1.8720000000000017,-8.192,6.3199999999999985,-7.894666666666666,-17.15,-10.13,-2.235333333333335,-9.255333333333333,7.019999999999998,-8.282666666666666,-20.77,-10.13,-1.847333333333335,-12.487333333333334,10.639999999999999,-6.86,-8.2,-2.23,4.630000000000001,-1.339999999999999,5.969999999999999,2025
GIL,2025-04-11,MKT-2025-04,True,77.8,1,6,False,,-21.67,-8.52,-12.73,40.0,5,5.394999999999999,9.55,,,4.155000000000002,,12.89,15.55,,,2.66,,12.89,15.55,,,2.66,,12.423333333333332,15.55,,,3.1266666666666687,,-5.2683333333333335,-6.34,,,-1.0716666666666663,,2025
TNG,2025-04-04,MKT-2025-04,True,97.0,9,17,True,9.0,-21.41,-9.4,-9.73,40.0,5,6.073529411764705,-0.09,0.44,-5.633529411764704,-6.163529411764705,0.53,9.942941176470589,12.14,5.8,-4.142941176470589,2.197058823529412,-6.340000000000001,6.156470588235294,-6.89,-11.46,-17.616470588235295,-13.046470588235294,-4.570000000000001,3.7747058823529414,-7.49,-11.46,-15.234705882352943,-11.264705882352942,-3.9700000000000006,-7.735882352941178,-18.49,-12.45,-4.7141176470588215,-10.75411764705882,6.039999999999999,2025
MSH,2025-04-11,MKT-2025-04,True,95.7,6,11,True,8.0,-24.67,-8.52,-16.79,40.0,5,18.57,1.14,30.86,12.29,-17.43,29.72,14.621818181818183,3.25,13.98,-0.6418181818181825,-11.371818181818183,10.73,11.355454545454545,-14.55,13.98,2.624545454545455,-25.905454545454546,28.53,9.219999999999999,-14.55,13.98,4.760000000000002,-23.77,28.53,-6.580000000000001,-19.69,0.0,6.580000000000001,-13.11,19.69,2025
STK,2025-04-11,MKT-2025-04,True,70.0,1,6,True,5.0,-18.86,-8.52,-10.04,40.0,5,10.086666666666668,9.51,8.67,-1.4166666666666679,-0.576666666666668,-0.8399999999999999,5.454999999999999,6.25,2.01,-3.4449999999999994,0.7950000000000008,-4.24,5.454999999999999,6.25,2.01,-3.4449999999999994,0.7950000000000008,-4.24,5.454999999999999,6.25,2.01,-3.4449999999999994,0.7950000000000008,-4.24,-4.04,-5.77,-4.21,-0.16999999999999993,-1.7299999999999995,1.5599999999999996,2025
VTP,2025-04-10,MKT-2025-04,True,85.2,6,14,True,9.0,-28.53,-12.57,-18.1,40.0,5,-0.3692857142857138,7.11,-5.71,-5.340714285714286,7.479285714285714,-12.82,-2.7642857142857147,3.07,-8.97,-6.205714285714286,5.8342857142857145,-12.040000000000001,-6.822857142857144,-7.2,-8.97,-2.147142857142857,-0.37714285714285634,-1.7700000000000005,-5.970714285714286,-8.79,-8.97,-2.9992857142857146,-2.819285714285713,-0.1800000000000015,-7.8878571428571425,-8.99,-1.49,6.397857142857142,-1.1021428571428578,7.5,2025
GMD,2025-04-08,MKT-2025-04,True,98.5,8,13,True,7.0,-25.9,-15.23,-10.34,40.0,5,9.816923076923077,7.76,7.64,-2.176923076923077,-2.056923076923077,-0.1200000000000001,7.269230769230769,11.87,3.97,-3.299230769230769,4.60076923076923,-7.899999999999999,7.269230769230769,11.87,3.97,-3.299230769230769,4.60076923076923,-7.899999999999999,5.716923076923076,11.87,3.97,-1.7469230769230761,6.153076923076923,-7.899999999999999,-4.3623076923076916,0.0,-6.14,-1.7776923076923081,4.3623076923076916,-6.14,2025
PVT,2025-04-04,MKT-2025-04,True,97.6,5,10,True,9.0,-17.63,-9.4,-7.7,40.0,5,-2.175,1.54,-5.68,-3.505,3.715,-7.22,-5.973999999999999,-1.11,-11.02,-5.046,4.863999999999999,-9.91,-5.973999999999999,-1.11,-11.02,-5.046,4.863999999999999,-9.91,-5.295999999999999,-1.11,-11.02,-5.724,4.185999999999999,-9.91,-4.795999999999999,-6.97,-6.66,-1.8640000000000008,-2.1740000000000004,0.3099999999999996,2025
TCB,2026-03-09,MKT-2026-03,True,81.1,1,16,True,11.0,-19.75,-12.1,-6.63,40.0,15,-1.284375,-7.68,-5.54,-4.255625,-6.395625,2.1399999999999997,-2.801875,-6.28,-10.36,-7.5581249999999995,-3.4781250000000004,-4.079999999999999,-5.400625,-7.37,-9.02,-3.619375,-1.9693750000000003,-1.6499999999999995,-2.801875,-6.28,-10.36,-7.5581249999999995,-3.4781250000000004,-4.079999999999999,-6.020625,-7.95,-6.44,-0.4193750000000005,-1.9293750000000003,1.5099999999999998,2026
PVD,2026-03-23,MKT-2026-03,True,74.6,2,17,True,2.0,-23.78,-15.38,-11.93,40.0,15,-13.80705882352941,-15.21,-18.43,-4.62294117647059,-1.4029411764705912,-3.219999999999999,-12.635294117647058,-18.96,-20.34,-7.7047058823529415,-6.3247058823529425,-1.379999999999999,-15.411176470588236,-21.08,-20.34,-4.928823529411764,-5.668823529411762,0.7399999999999984,-11.878235294117648,-13.23,-8.74,3.1382352941176475,-1.3517647058823528,4.49,-15.554705882352938,-16.13,-16.98,-1.4252941176470628,-0.5752941176470614,-0.8500000000000014,2026
DGC,2026-03-20,MKT-2026-03,True,83.1,1,16,True,9.0,-31.4,-12.37,-23.12,40.0,15,-9.788125,-10.73,-10.24,-0.45187499999999936,-0.9418749999999996,0.4900000000000002,-16.83125,-20.21,-23.08,-6.248749999999998,-3.37875,-2.8699999999999974,-15.3825,-7.6,-20.5,-5.1175,7.782500000000001,-12.9,-13.556249999999999,-9.33,-10.17,3.3862499999999986,4.2262499999999985,-0.8399999999999999,-15.601249999999999,-17.4,-21.16,-5.558750000000002,-1.79875,-3.7600000000000016,2026
DGC,2026-07-23,MKT-2026-07,True,70.0,1,16,True,9.0,-22.22,-9.22,-14.54,40.0,15,7.4624999999999995,11.19,10.09,2.6275000000000004,3.7275,-1.0999999999999996,,,,,,,1.7237500000000001,7.34,3.2,1.47625,5.61625,-4.14,2.015625,7.34,3.2,1.1843750000000002,5.324375,-4.14,-3.71375,-3.88,0.0,3.71375,-0.1662499999999998,3.88,2026
NKG,2026-07-20,MKT-2026-07,True,72.1,1,16,True,6.0,-14.05,-7.16,-7.91,40.0,15,-3.460625,6.07,-3.1,0.36062499999999975,9.530625,-9.17,,,,,,,-10.946250000000001,-7.34,-12.6,-1.6537499999999987,3.606250000000001,-5.26,-10.700625,-8.21,-12.57,-1.8693749999999998,2.4906249999999996,-4.359999999999999,-15.478749999999998,-8.8,-14.37,1.1087499999999988,6.678749999999997,-5.5699999999999985,2026
VIC,2026-02-04,IDIO-2026Q1,False,70.9,1,16,True,5.0,-31.14,-5.86,-23.81,40.0,15,2.3062500000000004,27.41,1.3,-1.0062500000000003,25.103749999999998,-26.11,40.545625,78.72,38.2,-2.3456249999999983,38.174375,-40.519999999999996,18.205,78.72,-0.8,-19.005,60.515,-79.52,18.7525,78.72,1.19,-17.5625,59.9675,-77.53,-18.558125,-0.08,-20.67,-2.1118750000000013,18.478125000000002,-20.590000000000003,2026
SAB,2026-03-09,MKT-2026-03,True,76.9,1,16,True,8.0,-18.51,-12.1,-9.6,40.0,15,-1.6256249999999999,0.45,-2.54,-0.9143750000000002,2.075625,-2.99,2.41875,1.93,5.39,2.9712499999999995,-0.48875000000000024,3.46,2.41875,1.93,5.39,2.9712499999999995,-0.48875000000000024,3.46,2.41875,1.93,5.39,2.9712499999999995,-0.48875000000000024,3.46,-4.43,-3.55,-5.18,-0.75,0.8799999999999999,-1.63,2026
KBC,2026-03-20,MKT-2026-03,True,77.1,1,16,True,6.0,-19.08,-12.37,-5.74,40.0,15,-3.0349999999999997,11.97,-6.19,-3.1550000000000007,15.005,-18.16,-16.043125,-3.93,-21.5,-5.456875,12.113125,-17.57,-15.628125,-3.93,-21.5,-5.871874999999999,11.698125000000001,-17.57,-14.695000000000002,-3.93,-18.09,-3.394999999999998,10.765000000000002,-14.16,-9.670625,-5.21,-11.6,-1.9293750000000003,4.460624999999999,-6.39,2026
SZC,2026-03-09,MKT-2026-03,True,72.5,2,17,True,12.0,-23.29,-12.1,-12.72,40.0,15,-9.310588235294118,-2.99,-14.49,-5.179411764705883,6.320588235294117,-11.5,-29.10470588235294,-28.59,-33.31,-4.205294117647064,0.5147058823529385,-4.720000000000002,-11.748235294117645,-18.16,-22.29,-10.541764705882354,-6.411764705882355,-4.129999999999999,-15.979999999999999,-20.11,-22.02,-6.040000000000001,-4.130000000000001,-1.9100000000000001,-23.572941176470586,-20.34,-23.24,0.3329411764705874,3.232941176470586,-2.8999999999999986,2026
SZC,2026-05-29,IDIO-2026Q2,False,78.4,1,16,True,11.0,-17.63,-3.34,-14.53,40.0,15,-8.80875,-1.76,-12.41,-3.6012500000000003,7.04875,-10.65,-16.164375,-11.07,-18.93,-2.765625,5.094374999999999,-7.859999999999999,-7.228125,-3.81,-9.36,-2.131874999999999,3.4181250000000003,-5.549999999999999,-8.81375,-6.81,-9.77,-0.9562499999999989,2.003750000000001,-2.96,-27.090000000000003,-26.54,-28.41,-1.3199999999999967,0.5500000000000043,-1.870000000000001,2026
DIG,2026-03-10,MKT-2026-03,True,77.5,1,16,True,7.0,-22.69,-10.83,-10.59,40.0,15,-3.0156249999999996,8.87,-1.9,1.1156249999999996,11.885625,-10.77,-16.2575,-8.4,-10.02,6.237500000000001,7.8575,-1.6199999999999992,-15.76375,-8.4,-10.02,5.74375,7.36375,-1.6199999999999992,-13.335625,-8.4,-10.02,3.3156250000000007,4.935625,-1.6199999999999992,-8.286874999999998,-0.75,-7.75,0.5368749999999984,7.536874999999998,-7.0,2026
DIG,2026-07-28,MKT-2026-07,True,72.9,1,16,True,2.0,-21.21,-9.99,-11.79,40.0,15,-0.47125000000000017,7.95,5.97,6.44125,8.42125,-1.9800000000000004,,,,,,,-8.83125,-5.55,-4.91,3.9212500000000006,3.281250000000001,0.6399999999999997,-8.28625,-5.55,-7.4,0.8862500000000004,2.736250000000001,-1.8500000000000005,-13.109375,-7.54,-11.21,1.8993749999999991,5.569375,-3.670000000000001,2026
NVL,2026-09-30,IDIO-2026Q3,False,85.0,1,2,False,,-21.84,-4.56,-18.19,40.0,15,,,,,,,,,,,,,0.65,1.76,,,1.1099999999999999,,0.65,1.76,,,1.1099999999999999,,-4.015,-3.32,,,0.6949999999999998,,2026
PDR,2026-07-28,MKT-2026-07,True,74.1,1,16,True,5.0,-22.3,-9.99,-13.32,40.0,15,-3.0093750000000004,2.6,-3.55,-0.5406249999999995,5.609375,-6.15,,,,,,,-7.375625,-7.12,-11.78,-4.404374999999999,0.2556250000000002,-4.659999999999999,-8.973749999999999,-13.23,-8.01,0.9637499999999992,-4.256250000000001,5.220000000000001,-11.375,-8.26,-13.88,-2.505000000000001,3.115,-5.620000000000001,2026
GIL,2026-07-15,MKT-2026-07,True,90.4,5,21,True,14.0,-26.27,-5.11,-22.5,40.0,15,4.107619047619047,-2.68,-2.95,-7.057619047619047,-6.787619047619048,-0.27,,,,,,,1.9999999999999996,-14.32,4.93,2.93,-16.32,19.25,3.260476190476191,-14.32,4.93,1.6695238095238087,-17.58047619047619,19.25,-8.424761904761905,-26.83,-2.5,5.924761904761905,-18.405238095238094,24.33,2026
