symbol,signal_date,month,level,panic_score,conf_score,rsi,entry_price,mae_pct,mfe_pct,stop_hit,strat_ret,ret_t5,alpha_t5,ret_t20,alpha_t20,ret_t60,alpha_t60,strat_alpha
FPT,2020-02-03,2020-02,WATCH,65.7,0,22.8,16.98,-23.5,8.78,True,-8.0,2.3,1.7,6.65,10.8,-3.06,14.16,9.2
FPT,2020-03-09,2020-03,WATCH,58.3,35,30.3,16.52,-21.37,14.16,True,-11.14,-4.9,6.05,-8.11,2.57,11.86,6.05,-2.1
FPT,2020-03-23,2020-03,ELIGIBLE_NO_CONF,71.1,0,14.5,14.58,-10.91,30.18,True,-10.01,-8.64,-9.15,13.58,-3.06,22.36,-9.4,-10.47
FPT,2021-01-28,2021-01,WATCH,46.6,25,39.1,22.87,0.0,43.9,False,40.53,23.57,16.91,28.64,18.03,40.53,21.62,21.62
FPT,2022-05-05,2022-05,WATCH,42.0,25,26.0,46.56,-10.07,14.97,True,-8.1,-8.51,2.52,11.45,14.55,-1.16,8.09,-5.41
FPT,2022-10-11,2022-10,WATCH,51.2,0,24.7,39.59,-13.67,14.78,True,-13.67,6.34,3.9,4.22,8.97,13.51,11.48,-4.79
FPT,2022-11-15,2022-11,WATCH,56.1,0,25.5,34.18,0.0,39.47,False,33.12,15.01,14.68,24.46,13.05,33.12,20.88,20.88
FPT,2024-08-05,2024-08,WATCH,40.2,0,22.9,91.19,-0.16,19.0,False,13.25,8.08,6.42,8.84,4.05,13.25,8.77,8.77
FPT,2025-03-14,2025-03,WATCH,41.5,0,28.7,100.7,-25.68,0.46,True,-8.0,-1.98,-1.53,-11.86,-3.74,-11.56,-10.0,-5.8
FPT,2025-04-04,2025-04,ELIGIBLE_NO_CONF,83.3,20,25.8,81.11,-7.73,19.73,False,16.56,9.43,1.05,9.43,-2.44,16.56,-5.88,-5.88
FPT,2026-02-24,2026-02,WATCH,50.0,0,20.0,82.68,-24.08,1.4,True,-8.0,-7.7,-5.41,-16.49,-5.59,-20.28,-21.63,-5.71
HPG,2020-02-18,2020-02,WATCH,41.1,35,24.6,7.17,-34.59,7.81,True,-10.46,-2.37,1.16,-15.48,4.02,7.81,17.69,-0.42
HPG,2020-03-09,2020-03,ELIGIBLE_NO_CONF,72.5,0,24.8,6.31,-25.67,39.46,True,-11.89,-6.34,4.61,-8.72,1.97,32.01,26.2,-2.85
HPG,2020-03-17,2020-03,WATCH,65.4,15,20.9,5.97,-21.44,47.4,True,-10.22,-8.21,-0.53,4.36,-0.06,30.99,19.64,0.62
HPG,2020-07-27,2020-07,WATCH,46.3,0,25.7,8.16,-2.45,38.36,False,34.19,6.0,4.26,13.24,5.77,34.19,18.74,18.74
HPG,2021-01-28,2021-01,WATCH,57.0,0,32.6,13.92,0.0,63.29,False,60.27,14.87,8.22,24.35,13.75,60.27,41.36,41.36
HPG,2021-07-12,2021-07,WATCH,43.0,0,29.8,23.29,-3.31,24.6,False,22.2,3.95,5.82,8.54,3.54,22.2,16.92,16.92
HPG,2021-11-18,2021-11,WATCH,45.0,0,17.4,25.39,-18.94,0.71,True,-8.0,-1.14,-3.94,-5.87,-7.76,-5.95,-9.97,-5.33
HPG,2022-01-24,2022-01,WATCH,44.4,0,20.8,20.73,-2.22,29.62,False,4.92,12.45,11.0,15.77,14.48,4.92,13.42,13.42
HPG,2022-05-13,2022-05,WATCH,58.0,0,26.4,18.96,-26.9,4.48,True,-8.0,-0.79,-4.79,-14.14,-18.84,-15.82,-23.06,-16.23
HPG,2022-06-14,2022-06,WATCH,43.4,0,25.3,15.41,-10.06,8.37,True,-8.0,-5.65,-1.97,-2.14,1.15,4.48,1.61,-4.58
HPG,2022-10-03,2022-10,WATCH,49.8,0,8.9,13.59,-41.28,5.74,True,-8.0,-12.88,-6.2,-25.39,-21.27,-9.2,-2.37,-7.66
HPG,2022-10-31,2022-10,WATCH,46.6,20,38.7,10.65,-25.07,43.85,True,-8.0,-16.53,-11.49,10.52,10.67,33.99,29.91,-2.34
HPG,2022-11-01,2022-11,ELIGIBLE_NO_CONF,83.5,20,25.9,10.14,-21.3,51.08,True,-8.0,-13.31,-9.64,22.68,20.22,42.11,36.79,-3.31
HPG,2024-08-05,2024-08,WATCH,45.4,0,25.5,19.38,-5.01,6.35,False,3.25,-2.48,-4.14,-3.82,-8.6,3.25,-1.23,-1.23
HPG,2025-04-03,2025-04,WATCH,67.6,0,26.1,17.56,-9.74,20.22,True,-9.74,7.4,4.86,8.88,4.0,17.43,3.28,-0.13
HPG,2025-04-04,2025-04,ELIGIBLE_NO_CONF,76.9,0,17.6,17.48,-9.32,20.77,False,18.76,10.01,1.63,9.15,-2.72,18.76,-3.67,-3.68
HPG,2026-07-20,2026-07,WATCH,60.4,0,10.3,20.5,-4.39,10.49,False,0.0,2.44,5.32,2.44,2.35,,,-1.65
SSI,2020-03-09,2020-03,WATCH,45.2,15,30.4,3.91,-25.58,24.3,True,-8.0,-4.6,6.35,-3.58,7.1,22.25,16.43,0.15
SSI,2020-03-11,2020-03,ELIGIBLE_NO_CONF,72.2,0,24.8,3.62,-19.61,37.02,True,-8.0,-0.55,5.08,11.88,13.35,33.43,16.5,6.3
SSI,2021-01-28,2021-01,WATCH,61.6,25,31.1,8.42,-1.19,41.92,False,29.22,21.14,14.49,28.62,18.01,29.22,10.3,10.31
SSI,2022-01-24,2022-01,WATCH,49.0,0,25.1,19.75,-23.54,17.57,True,-8.0,11.34,9.89,12.2,10.9,-16.1,-7.6,-4.82
SSI,2022-04-19,2022-04,WATCH,48.8,0,25.7,16.84,-48.34,5.29,True,-8.0,-1.6,0.63,-18.59,-8.19,-33.19,-18.36,-4.87
SSI,2022-04-28,2022-04,ELIGIBLE_NO_CONF,70.0,0,17.2,16.14,-46.1,2.11,True,-8.0,-16.73,-11.37,-11.46,-6.04,-33.09,-19.79,-7.55
SSI,2022-05-23,2022-05,WATCH,61.0,45,27.7,12.72,-31.6,16.27,True,-8.0,12.34,7.53,-30.66,-25.72,3.14,-0.2,-7.75
SSI,2022-06-20,2022-06,WATCH,65.0,0,10.3,8.84,-1.58,56.9,False,30.66,18.21,14.32,24.55,24.05,30.66,24.41,24.42
SSI,2022-09-09,2022-09,WATCH,41.7,15,23.2,12.0,-42.0,0.0,True,-8.0,-11.58,-8.05,-22.67,-6.09,-7.58,4.9,-4.46
SSI,2022-10-11,2022-10,WATCH,42.3,20,27.9,8.75,-20.46,33.14,True,-8.0,7.54,5.1,-9.14,-4.39,17.6,15.57,-3.3
SSI,2023-10-26,2023-10,WATCH,47.7,0,30.5,16.21,-12.28,17.95,True,-8.0,-1.17,-2.7,9.44,6.14,16.1,4.58,-4.94
SSI,2024-04-19,2024-04,WATCH,43.4,0,21.8,18.96,-2.22,9.18,False,0.42,1.42,-0.77,7.28,-0.35,0.42,-6.65,-6.66
SSI,2024-08-01,2024-08,WATCH,53.4,0,17.0,16.55,-0.85,21.63,False,14.56,4.83,5.88,12.87,9.05,14.56,12.53,12.52
SSI,2024-11-15,2024-11,WATCH,52.2,0,14.9,17.01,-1.88,12.29,False,5.0,2.29,0.85,8.94,5.1,5.0,-0.02,-0.01
SSI,2025-04-03,2025-04,WATCH,57.4,0,24.8,16.26,-10.02,14.82,True,-10.02,5.23,2.69,0.86,-4.02,12.42,-1.73,-0.41
SSI,2025-04-04,2025-04,ELIGIBLE_NO_CONF,76.8,0,20.3,16.33,-10.41,14.33,False,12.61,1.29,-7.1,-0.18,-12.06,12.61,-9.82,-9.83
SSI,2025-10-27,2025-10,WATCH,45.3,0,21.1,25.26,-11.4,7.28,True,-8.63,0.16,1.86,-5.3,-4.11,0.95,-11.08,-10.81
SSI,2026-03-19,2026-03,WATCH,44.4,0,26.5,21.42,-5.98,9.71,False,3.36,0.93,-0.58,6.54,-3.74,3.36,-6.25,-6.25
SSI,2026-07-20,2026-07,WATCH,62.4,0,20.9,18.06,-3.99,20.43,False,9.36,1.77,4.66,7.97,7.89,,,7.71
VHM,2019-12-02,2019-12,WATCH,41.8,40,8.4,32.36,-13.94,2.5,True,-8.0,0.31,-0.41,-7.01,-7.81,-11.74,-5.02,-7.76
VHM,2020-02-26,2020-02,WATCH,45.9,0,25.2,28.35,-34.92,2.01,True,-11.15,1.38,1.95,-23.67,-0.94,-4.37,-1.11,-4.37
VHM,2020-03-12,2020-03,ELIGIBLE_NO_CONF,73.9,15,10.1,23.77,-22.38,18.68,True,-10.43,-4.75,2.08,0.46,-0.06,15.69,-2.45,2.07
VHM,2020-03-27,2020-03,WATCH,65.0,20,23.7,19.8,-6.82,42.47,False,35.3,18.28,5.53,15.76,-0.09,35.3,6.26,6.26
VHM,2020-04-28,2020-04,WATCH,43.6,25,27.1,22.92,-2.01,28.49,False,17.63,9.77,3.97,18.59,6.19,17.63,9.82,9.82
VHM,2020-07-27,2020-07,WATCH,57.4,0,22.7,25.26,0.0,15.44,False,7.32,10.97,9.22,11.8,4.33,7.32,-8.13,-8.13
VHM,2021-01-28,2021-01,WATCH,40.2,25,36.1,29.8,0.0,33.83,False,18.59,18.22,11.57,17.15,6.54,18.59,-0.32,-0.32
VHM,2022-04-20,2022-04,WATCH,40.4,0,7.5,31.11,-10.96,8.81,True,-8.0,-3.02,-1.62,0.29,11.34,-8.68,5.46,-3.67
VHM,2022-07-06,2022-07,WATCH,47.3,20,7.4,28.41,-19.99,6.93,True,-8.0,1.87,0.52,6.76,-0.76,-14.57,-7.71,-8.01
VHM,2022-09-28,2022-09,WATCH,47.0,0,19.9,25.09,-20.84,11.88,True,-8.0,2.87,7.45,-15.54,-6.84,-5.98,3.21,-4.48
VHM,2022-10-26,2022-10,WATCH,62.2,35,15.7,20.9,-4.98,34.31,False,22.78,3.68,4.48,3.68,11.5,22.78,14.11,14.11
VHM,2023-02-08,2023-02,WATCH,46.4,15,27.6,21.98,-13.69,17.65,True,-8.0,-6.92,-6.38,-7.1,-6.34,8.01,8.97,-6.51
VHM,2023-08-24,2023-08,WATCH,42.1,0,23.0,26.72,-33.76,2.73,True,-8.0,-0.34,-4.7,-18.9,-15.06,-29.53,-23.37,-11.42
VHM,2023-09-26,2023-09,WATCH,46.2,0,21.9,21.67,-18.32,6.65,True,-11.12,-0.92,1.26,-0.23,4.29,-11.21,-6.61,-3.04
VHM,2023-10-27,2023-10,ELIGIBLE_NO_CONF,80.3,0,23.9,18.78,-5.75,13.05,False,8.57,5.11,0.58,2.02,-2.36,8.57,-4.39,-4.39
VHM,2023-10-30,2023-10,WATCH,59.9,0,18.5,18.87,-6.2,12.51,False,8.43,2.07,-3.0,3.97,-2.57,8.43,-5.65,-5.65
VHM,2024-08-05,2024-08,WATCH,41.1,15,13.1,16.76,-2.33,39.5,False,19.21,4.42,2.75,25.72,20.93,19.21,14.73,14.73
VHM,2025-10-31,2025-10,WATCH,50.5,35,22.8,47.96,-12.76,51.5,True,-9.45,-12.76,-10.51,6.11,0.87,4.71,-6.78,-7.2
VHM,2026-01-27,2026-01,WATCH,53.2,25,18.8,52.05,-19.52,44.23,True,-8.0,-15.54,-14.91,-13.51,-14.36,31.35,28.52,-8.2
VHM,2026-03-09,2026-03,WATCH,45.8,20,32.7,43.48,-2.21,91.9,False,68.33,12.95,10.95,27.35,27.3,68.33,58.66,58.66
VHM,2026-06-17,2026-06,WATCH,54.0,0,14.9,69.53,-8.96,17.5,True,-8.0,8.37,6.59,2.69,4.12,2.69,3.74,0.85
VHM,2026-07-22,2026-07,WATCH,51.4,0,23.6,63.35,-0.08,28.97,False,8.92,16.73,14.07,9.71,7.66,,,5.41
VHM,2026-09-24,2026-09,WATCH,43.7,0,17.3,65.4,-0.31,8.56,False,5.5,3.82,6.48,,,,,6.96
TCB,2020-03-09,2020-03,WATCH,62.0,15,24.9,9.44,-31.36,7.84,True,-11.76,-12.08,-1.12,-18.11,-7.43,5.08,-0.73,-3.61
TCB,2020-03-11,2020-03,ELIGIBLE_NO_CONF,78.5,0,22.4,8.33,-22.21,22.21,True,-9.96,-4.2,1.43,-6.96,-5.49,19.69,2.76,3.39
TCB,2021-01-28,2021-01,WATCH,49.4,25,32.4,13.69,0.0,56.83,False,55.3,22.64,15.99,32.51,21.9,55.3,36.38,36.39
TCB,2022-04-15,2022-04,WATCH,44.2,20,28.2,21.28,-29.23,0.56,True,-8.0,-10.76,-2.27,-21.62,-8.23,-21.52,-3.47,0.49
TCB,2022-05-23,2022-05,WATCH,55.6,30,24.6,16.1,-5.71,13.91,False,12.05,6.77,1.96,-5.16,-0.22,12.05,8.7,8.7
TCB,2022-09-26,2022-09,WATCH,44.3,0,5.0,15.52,-42.46,1.03,True,-8.0,-9.66,-2.09,-36.53,-22.06,-17.4,-5.1,-1.13
TCB,2022-10-07,2022-10,ELIGIBLE_NO_CONF,76.6,0,6.1,11.94,-25.21,18.76,True,-8.0,-2.76,-3.64,-7.96,-1.5,6.37,6.23,-7.26
TCB,2022-10-24,2022-10,WATCH,65.9,20,16.0,9.85,-9.34,43.96,True,-9.34,20.51,16.89,2.64,7.21,36.65,26.57,-3.85
TCB,2023-10-30,2023-10,WATCH,51.0,0,15.3,13.05,-3.6,27.66,False,24.98,8.51,3.44,6.21,-0.33,24.98,10.9,10.9
TCB,2024-08-08,2024-08,WATCH,58.4,0,24.6,20.04,-0.5,19.96,False,11.63,2.15,-0.19,5.94,3.36,11.63,9.82,9.82
TCB,2025-04-04,2025-04,WATCH,55.2,0,30.8,23.85,-10.78,41.22,False,39.83,4.03,-4.36,10.4,-1.48,39.83,17.39,17.39
TCB,2025-04-08,2025-04,ELIGIBLE_NO_CONF,74.7,0,22.4,21.28,0.0,58.93,False,58.27,15.7,5.1,31.81,14.55,58.27,30.15,30.15
TCB,2025-11-03,2025-11,WATCH,44.1,10,18.7,32.91,-9.24,13.67,True,-8.0,0.15,3.69,1.79,-2.15,3.86,-6.01,-9.65
TCB,2026-03-09,2026-03,ELIGIBLE_NO_CONF,81.1,0,20.8,30.17,-7.95,13.62,False,5.07,-1.62,-3.63,-6.83,-6.88,5.07,-4.6,-4.6
TCB,2026-03-10,2026-03,WATCH,57.7,0,23.7,29.43,-5.64,16.48,False,4.83,0.85,1.69,2.17,0.54,4.83,1.23,1.23
TCB,2026-07-22,2026-07,WATCH,42.0,0,10.6,29.05,-4.3,21.17,False,11.7,0.86,-1.8,6.71,4.66,,,8.19
VIC,2020-02-07,2020-02,WATCH,50.0,35,13.3,50.22,-39.82,1.08,True,-8.4,-4.42,-4.85,-13.54,-3.31,-15.03,-0.62,-8.19
VIC,2020-03-09,2020-03,WATCH,51.1,35,31.2,41.33,-26.88,8.49,True,-8.0,-4.84,6.11,1.09,11.77,2.15,-3.66,1.04
VIC,2020-03-12,2020-03,ELIGIBLE_NO_CONF,91.9,15,1.0,38.22,-20.93,17.32,True,-9.29,-4.06,2.78,11.64,11.12,11.17,-6.97,3.21
VIC,2020-06-12,2020-06,WATCH,50.7,0,18.8,41.33,-14.08,4.62,True,-8.0,4.21,-0.45,-1.81,-6.17,-2.69,-9.61,-7.6
VIC,2020-07-27,2020-07,WATCH,60.5,15,26.2,37.78,-6.01,15.4,False,14.45,3.52,1.77,7.04,-0.43,14.45,-1.0,-1.0
VIC,2021-01-28,2021-01,WATCH,65.0,0,19.0,41.11,0.0,57.75,False,44.54,16.22,9.57,14.94,4.33,44.54,25.63,25.63
VIC,2021-07-12,2021-07,WATCH,40.4,0,21.0,46.27,-10.09,12.38,True,-8.0,-1.06,0.81,8.54,3.54,-4.04,-9.32,-11.26
VIC,2021-09-16,2021-09,WATCH,53.5,0,24.6,44.0,-5.45,24.55,False,17.16,-1.14,-1.03,5.23,2.27,17.16,8.96,8.96
VIC,2022-02-07,2022-02,WATCH,51.3,0,17.3,45.65,-20.37,1.1,True,-8.0,-8.32,-7.78,-14.68,-12.86,-12.6,-1.15,-8.39
VIC,2022-09-29,2022-09,WATCH,50.8,0,15.5,26.65,-6.75,39.77,False,3.38,12.95,21.44,4.5,13.76,3.38,13.25,13.25
VIC,2022-11-08,2022-11,WATCH,44.6,15,13.9,26.65,-2.44,39.77,False,1.69,13.32,17.65,33.58,27.96,1.69,-6.27,-6.27
VIC,2022-12-20,2022-12,WATCH,43.1,0,26.0,28.3,-10.25,5.12,True,-8.0,-5.48,-5.16,1.41,-7.34,-6.71,-9.29,-9.94
VIC,2023-09-07,2023-09,WATCH,51.4,25,10.6,30.25,-36.03,1.49,True,-8.0,-11.4,-10.27,-24.03,-14.94,-30.41,-19.19,-6.58
VIC,2023-10-26,2023-10,WATCH,47.9,45,29.4,20.82,-7.06,9.75,False,3.99,-0.1,-1.62,-0.67,-3.97,3.99,-7.54,-7.54
VIC,2024-04-19,2024-04,WATCH,54.4,0,16.3,21.32,-5.82,12.8,False,-4.92,4.13,1.93,6.85,-0.78,-4.92,-12.0,-12.0
VIC,2025-06-20,2025-06,WATCH,52.5,25,22.0,43.05,-1.16,67.13,False,66.2,11.03,9.72,30.08,20.74,66.2,43.17,43.17
VIC,2026-01-28,2026-01,WATCH,51.5,0,25.0,138.9,-14.4,64.0,True,-9.79,-6.34,-4.55,18.65,19.0,58.03,54.73,-9.7
VIC,2026-02-04,2026-02,ELIGIBLE_NO_CONF,70.9,0,23.5,119.0,-0.08,94.12,False,86.55,33.61,31.84,21.85,25.94,86.55,79.9,79.9
VIC,2026-03-20,2026-03,WATCH,55.7,25,24.2,135.6,-9.44,71.09,False,51.47,-4.5,-8.98,40.86,25.4,51.47,36.44,36.43
VIC,2026-07-22,2026-07,WATCH,41.1,25,24.4,201.0,-3.18,31.84,False,15.42,9.45,6.79,0.5,-1.55,,,11.91
BSR,2019-12-18,2019-12,WATCH,40.5,0,19.6,4.64,-25.65,4.74,True,-8.0,-1.29,-1.96,-10.99,-13.8,-24.35,1.12,-9.43
BSR,2020-03-09,2020-03,WATCH,45.3,15,37.7,3.68,-29.35,22.83,True,-8.0,7.61,18.56,-12.5,-1.82,19.84,14.02,12.41
BSR,2020-07-27,2020-07,WATCH,68.4,0,21.5,3.22,-1.55,31.68,False,24.84,9.01,7.26,15.84,8.37,24.84,9.39,9.39
BSR,2021-01-28,2021-01,WATCH,59.3,25,31.9,4.81,-8.32,116.42,False,88.15,29.31,22.66,89.4,78.79,88.15,69.24,69.24
BSR,2021-02-01,2021-02,ELIGIBLE_NO_CONF,80.0,0,24.4,5.03,0.0,106.96,False,67.59,28.23,24.57,75.35,67.31,67.59,52.13,52.13
BSR,2021-04-22,2021-04,WATCH,45.5,0,19.3,8.43,-7.35,48.99,False,13.4,-4.03,-3.53,5.34,0.53,13.4,11.42,11.42
BSR,2021-07-08,2021-07,WATCH,41.8,25,24.6,10.35,-12.56,17.49,True,-8.0,-2.22,1.33,5.99,6.41,15.85,15.29,-4.32
BSR,2021-11-22,2021-11,WATCH,50.4,0,23.0,11.59,-4.31,39.09,False,36.15,2.5,1.49,6.9,5.87,36.15,32.83,32.82
BSR,2022-04-20,2022-04,WATCH,47.4,0,25.7,13.52,-26.78,40.16,True,-8.0,-10.06,-8.66,0.81,11.86,-1.26,12.88,-3.67
BSR,2022-07-06,2022-07,WATCH,57.5,0,25.1,12.44,-13.02,22.91,True,-8.0,5.06,3.72,11.9,4.38,-12.54,-5.68,-5.05
BSR,2022-09-19,2022-09,WATCH,40.3,10,23.1,13.06,-56.58,3.91,True,-8.0,-5.28,-0.99,-11.87,0.87,-37.29,-23.22,-1.82
BSR,2022-11-10,2022-11,WATCH,45.5,0,27.8,8.76,-35.27,14.38,True,-11.07,-15.64,-17.19,-7.88,-18.07,3.31,-6.03,-6.6
BSR,2022-11-16,2022-11,ELIGIBLE_NO_CONF,85.0,0,16.5,6.99,-4.15,43.35,False,34.33,7.3,9.52,22.03,13.15,34.33,25.04,25.04
BSR,2023-10-31,2023-10,WATCH,46.7,0,22.6,10.29,-0.58,13.9,False,8.65,10.98,3.89,9.82,3.74,8.65,-3.92,-3.92
BSR,2024-11-15,2024-11,WATCH,40.0,20,16.0,11.57,-1.56,21.69,False,8.21,3.2,1.75,16.42,12.59,8.21,0.96,0.96
BSR,2025-04-04,2025-04,ELIGIBLE_NO_CONF,78.4,0,26.1,9.55,-6.7,25.34,False,15.08,2.3,-6.08,15.39,3.52,15.08,-7.36,-7.36
BSR,2025-04-08,2025-04,WATCH,66.5,0,13.6,8.91,0.0,34.34,False,23.34,7.18,-3.42,24.69,7.42,23.34,-4.78,-4.78
BSR,2025-12-08,2025-12,WATCH,44.7,0,20.7,14.73,-9.37,165.85,True,-8.0,3.39,7.29,24.85,18.64,153.77,155.92,-2.26
BSR,2026-03-20,2026-03,WATCH,48.6,25,39.6,26.8,-14.59,25.26,True,-8.0,7.54,3.05,-3.51,-18.96,-2.61,-17.65,-13.43
BSR,2026-03-24,2026-03,ELIGIBLE_NO_CONF,78.9,25,25.4,26.65,-14.11,25.97,True,-8.0,-2.4,-5.1,-3.71,-15.72,-2.06,-14.11,-9.17
BSR,2026-06-26,2026-06,WATCH,40.5,0,18.7,24.23,-7.76,32.48,False,23.81,-4.09,-3.47,-3.3,6.72,23.81,28.12,28.12
